date,NASDAQCOM
19710205,100
19710208,100.84
19710209,100.76
19710210,100.69
19710211,101.45
19710212,102.05
19710215,
19710216,102.19
19710217,101.74
19710218,101.42
19710219,100.7
19710222,99.68
19710223,99.72
19710224,100.64
19710225,101.23
19710226,101.34
19710301,101.78
19710302,101.84
19710303,102.07
19710304,102.78
19710305,103.51
19710308,104.23
19710309,104.41
19710310,104.14
19710311,104.26
19710312,104.5
19710315,105.13
19710316,105.56
19710317,105.5
19710318,105.88
19710319,105.77
19710322,105.37
19710323,105.11
19710324,104.7
19710325,104.6
19710326,105.07
19710329,105.2
19710330,105.44
19710331,105.97
19710401,106.34
19710402,106.86
19710405,107.17
19710406,107.56
19710407,108.06
19710408,108.38
19710409,
19710412,108.87
19710413,108.85
19710414,109.08
19710415,109.69
19710416,109.96
19710419,110.16
19710420,109.53
19710421,109.52
19710422,109.99
19710423,110.69
19710426,111.13
19710427,111.69
19710428,112.37
19710429,112.46
19710430,112.3
19710503,111.35
19710504,111.77
19710505,111.68
19710506,111.06
19710507,110.66
19710510,110.15
19710511,110.33
19710512,110.37
19710513,110.55
19710514,110.74
19710517,109.15
19710518,108.4
19710519,108.33
19710520,108.72
19710521,108.85
19710524,108.42
19710525,107.5
19710526,107.53
19710527,107.6
19710528,108.25
19710531,
19710601,108.87
19710602,109.56
19710603,110.22
19710604,110.66
19710607,110.76
19710608,110.02
19710609,109.79
19710610,110.06
19710611,110.2
19710614,109.57
19710615,109.36
19710616,109.44
19710617,109.44
19710618,108.16
19710621,106.5
19710622,105.49
19710623,105.99
19710624,106.37
19710625,106.56
19710628,106.45
19710629,107.22
19710630,107.8
19710701,108.47
19710702,108.77
19710705,
19710706,109.23
19710707,110.01
19710708,110.42
19710709,110.91
19710712,111.24
19710713,110.76
19710714,110.34
19710715,110.72
19710716,109.98
19710719,109.37
19710720,109.79
19710721,109.74
19710722,109.54
19710723,109.63
19710726,109.35
19710727,108.57
19710728,107.45
19710729,105.81
19710730,105.27
19710802,105.59
19710803,104.41
19710804,103.26
19710805,103.11
19710806,103.78
19710809,103.18
19710810,103.04
19710811,104.08
19710812,105.21
19710813,105.44
19710816,107.86
19710817,108.93
19710818,108.39
19710819,108.01
19710820,107.89
19710823,108.26
19710824,108.6
19710825,108.85
19710826,108.97
19710827,109.3
19710830,108.71
19710831,108.42
19710901,108.65
19710902,108.96
19710903,109.98
19710906,
19710907,110.53
19710908,110.58
19710909,110.55
19710910,110.42
19710913,110.22
19710914,109.77
19710915,109.79
19710916,109.78
19710917,110.1
19710920,109.99
19710921,109.82
19710922,108.99
19710923,108.8
19710924,108.88
19710927,108.18
19710928,108.38
19710929,108.6
19710930,109.03
19711001,109.58
19711004,109.96
19711005,109.99
19711006,110.68
19711007,110.98
19711008,110.74
19711011,110.71
19711012,110.91
19711013,110.69
19711014,109.87
19711015,109.6
19711018,109.06
19711019,107.99
19711020,106.58
19711021,106.61
19711022,106.8
19711025,106.29
19711026,105.69
19711027,104.28
19711028,104.5
19711029,105.1
19711101,103.69
19711102,103.54
19711103,105.01
19711104,105.56
19711105,105.46
19711108,105.43
19711109,105.72
19711110,104.86
19711111,103.74
19711112,103.91
19711115,103.44
19711116,103.71
19711117,103.64
19711118,103.44
19711119,102.95
19711122,101.79
19711123,100.31
19711124,100.4
19711125,
19711126,101.64
19711129,103.08
19711130,103.97
19711201,105.06
19711202,106.15
19711203,107.26
19711206,106.92
19711207,107.26
19711208,107.71
19711209,107.97
19711210,108.81
19711213,109.16
19711214,109.07
19711215,109.45
19711216,110.01
19711217,110.52
19711220,111.5
19711221,111.73
19711222,111.97
19711223,111.94
19711224,
19711227,111.7
19711228,111.93
19711229,112.57
19711230,112.97
19711231,114.12
19720103,113.65
19720104,113.93
19720105,114.83
19720106,115.72
19720107,116.05
19720110,116.1
19720111,116.64
19720112,116.9
19720113,116.42
19720114,116.74
19720117,116.93
19720118,117.66
19720119,117.45
19720120,117.32
19720121,117.21
19720124,116.49
19720125,116.3
19720126,116.39
19720127,117.37
19720128,118.44
19720131,118.87
19720201,119.58
19720202,120.47
19720203,120.66
19720204,121.24
19720207,121.14
19720208,121.35
19720209,122.16
19720210,122.71
19720211,122.86
19720214,122.26
19720215,122.61
19720216,123.35
19720217,123.44
19720218,123.4
19720221,
19720222,123.3
19720223,123.61
19720224,124
19720225,124.83
19720228,124.94
19720229,125.38
19720301,126.29
19720302,126.58
19720303,127.19
19720306,127.88
19720307,127.83
19720308,128.4
19720309,128.85
19720310,128.55
19720313,127.34
19720314,127.73
19720315,128.14
19720316,127.77
19720317,128.01
19720320,127.53
19720321,125.73
19720322,126.36
19720323,127.38
19720324,127.55
19720327,127.56
19720328,127.72
19720329,127.53
19720330,128.14
19720331,
19720403,128.06
19720404,128.78
19720405,130
19720406,130.92
19720407,131.8
19720410,131.76
19720411,132.47
19720412,133.17
19720413,133.06
19720414,133.88
19720417,133.74
19720418,134.1
19720419,132.68
19720420,132.86
19720421,133.01
19720424,131.9
19720425,130.84
19720426,130.92
19720427,131.01
19720428,131.33
19720501,130.16
19720502,129.34
19720503,128.77
19720504,128.92
19720505,129.43
19720508,128.62
19720509,125.78
19720510,126.77
19720511,127.95
19720512,129.44
19720515,130.34
19720516,130.36
19720517,129.76
19720518,130.82
19720519,132.16
19720522,132.38
19720523,132.72
19720524,133.47
19720525,133.8
19720526,133.95
19720529,
19720530,133.45
19720531,132.53
19720601,133.13
19720602,133.52
19720605,132.74
19720606,132
19720607,131
19720608,131.07
19720609,130.57
19720612,130.38
19720613,130.78
19720614,131.45
19720615,131.29
19720616,131.28
19720619,130.76
19720620,131.07
19720621,131.38
19720622,130.79
19720623,130.22
19720626,129.31
19720627,129.79
19720628,129.58
19720629,129.35
19720630,130.08
19720703,130.59
19720704,
19720705,131.28
19720706,131.86
19720707,131.5
19720710,130.85
19720711,130.47
19720712,130.11
19720713,129.03
19720714,129.38
19720717,128.4
19720718,127.54
19720719,127.77
19720720,127.09
19720721,127.63
19720724,128.77
19720725,128.47
19720726,128.65
19720727,128.36
19720728,128.15
19720731,127.75
19720801,128.45
19720802,129.39
19720803,130.31
19720804,130.94
19720807,130.97
19720808,130.61
19720809,130.75
19720810,130.84
19720811,131.68
19720814,131.7
19720815,131.48
19720816,131.46
19720817,130.89
19720818,131.43
19720821,131.29
19720822,131.29
19720823,131.1
19720824,130.4
19720825,130.31
19720828,129.77
19720829,129.44
19720830,129.78
19720831,129.95
19720901,130.7
19720904,
19720905,130.33
19720906,129.63
19720907,129.21
19720908,129.13
19720911,128.26
19720912,127.18
19720913,127.51
19720914,127.58
19720915,127.67
19720918,127.61
19720919,127.42
19720920,127.51
19720921,127.3
19720922,127.46
19720925,126.82
19720926,127.07
19720927,128.55
19720928,129.13
19720929,129.61
19721002,129.3
19721003,129.48
19721004,129.29
19721005,128.01
19721006,128.13
19721009,128.51
19721010,129.02
19721011,128.57
19721012,127.87
19721013,127.19
19721016,125.87
19721017,126.43
19721018,127.05
19721019,126.91
19721020,128
19721023,128.66
19721024,128.91
19721025,128.89
19721026,129.37
19721027,129.53
19721030,129.46
19721031,130.24
19721101,131.59
19721102,132.12
19721103,133.34
19721106,133.58
19721107,
19721108,133.06
19721109,132.82
19721110,133.12
19721113,132.77
19721114,132.9
19721115,132.45
19721116,132.62
19721117,132.33
19721120,132.12
19721121,132.19
19721122,132.49
19721123,
19721124,133.02
19721127,132.57
19721128,132.71
19721129,132.73
19721130,132.96
19721201,133.94
19721204,134.14
19721205,134.28
19721206,134.68
19721207,135.06
19721208,135.15
19721211,134.83
19721212,134.27
19721213,133.66
19721214,133.33
19721215,133.53
19721218,132.54
19721219,132.39
19721220,131.93
19721221,131.08
19721222,131.28
19721225,
19721226,131.18
19721227,131.93
19721228,
19721229,133.73
19730101,
19730102,134.63
19730103,135.38
19730104,135.44
19730105,135.91
19730108,136.02
19730109,135.99
19730110,136.06
19730111,136.84
19730112,136.01
19730115,134.6
19730116,134.03
19730117,134.07
19730118,134.34
19730119,133.87
19730122,133.15
19730123,132.44
19730124,130.49
19730125,
19730126,129.76
19730129,128.46
19730130,128.22
19730131,128.4
19730201,126.94
19730202,126.48
19730205,126
19730206,126.27
19730207,124.99
19730208,123.97
19730209,125.86
19730212,126.88
19730213,127.19
19730214,125.42
19730215,124.43
19730216,124.55
19730219,
19730220,125.01
19730221,123.95
19730222,123.68
19730223,122.34
19730226,121.27
19730227,119.8
19730228,120.41
19730301,119.53
19730302,120.11
19730305,120.55
19730306,121.91
19730307,122.28
19730308,122.11
19730309,121.99
19730312,121.86
19730313,122.09
19730314,122.1
19730315,121.6
19730316,121.22
19730319,119.94
19730320,119.26
19730321,117.89
19730322,115.69
19730323,115.47
19730326,115.54
19730327,116.89
19730328,117.14
19730329,118.19
19730330,117.46
19730402,115.79
19730403,114.47
19730404,112.89
19730405,112.02
19730406,113.27
19730409,114.01
19730410,114.81
19730411,115.29
19730412,115.59
19730413,115.22
19730416,114.55
19730417,113.64
19730418,113.71
19730419,114.15
19730420,
19730423,113.02
19730424,111.23
19730425,109.37
19730426,109.72
19730427,108.4
19730430,107.85
19730501,107.96
19730502,109.05
19730503,109.81
19730504,110.89
19730507,110.48
19730508,110.67
19730509,110.54
19730510,110.32
19730511,109.1
19730514,106.46
19730515,106.14
19730516,106.1
19730517,105.19
19730518,102.89
19730521,100.76
19730522,101.59
19730523,102.09
19730524,104.27
19730525,105.17
19730528,
19730529,104.85
19730530,103.19
19730531,102.64
19730601,102.3
19730604,100.77
19730605,101.71
19730606,101.7
19730607,102.57
19730608,103.72
19730611,103.04
19730612,104.79
19730613,104.33
19730614,103.56
19730615,102.26
19730618,100.77
19730619,100.96
19730620,101.19
19730621,100.4
19730622,100.99
19730625,99.43
19730626,99.96
19730627,100.22
19730628,101.16
19730629,100.98
19730702,100.15
19730703,99.45
19730704,
19730705,99.39
19730706,99.48
19730709,100.01
19730710,101.18
19730711,102.69
19730712,103.17
19730713,103.03
19730716,103.97
19730717,104.64
19730718,105.77
19730719,106.52
19730720,107.68
19730723,107.75
19730724,108.29
19730725,109.19
19730726,109.17
19730727,109.36
19730730,108.88
19730731,108.64
19730801,107.13
19730802,106.98
19730803,106.82
19730806,107.21
19730807,107.3
19730808,106.13
19730809,106.15
19730810,105.32
19730813,104.35
19730814,103.59
19730815,103.35
19730816,103.31
19730817,103.71
19730820,102.67
19730821,102.12
19730822,101.34
19730823,102.53
19730824,102.4
19730827,102.91
19730828,102.99
19730829,103.79
19730830,103.99
19730831,104.87
19730903,
19730904,105.5
19730905,106.03
19730906,106.36
19730907,107.02
19730910,106.25
19730911,105.77
19730912,105.33
19730913,105.6
19730914,106.07
19730917,106.27
19730918,106.3
19730919,107.91
19730920,108.76
19730921,109.46
19730924,109.69
19730925,109.8
19730926,110.62
19730927,111.27
19730928,111.2
19731001,110.97
19731002,111.76
19731003,112.13
19731004,111.51
19731005,112.56
19731008,113.17
19731009,113.07
19731010,112.17
19731011,113.56
19731012,114.1
19731015,113.13
19731016,113.14
19731017,112.66
19731018,112.82
19731019,113.25
19731022,112.29
19731023,111.81
19731024,112.13
19731025,112.31
19731026,112.79
19731029,112.09
19731030,110.63
19731031,110.17
19731101,109.62
19731102,108.93
19731105,107.21
19731106,106.29
19731107,106.72
19731108,107.31
19731109,105.77
19731112,105.08
19731113,104.74
19731114,101.98
19731115,101.63
19731116,101.38
19731119,99
19731120,96.58
19731121,97.32
19731122,
19731123,97.3
19731126,94.13
19731127,93.07
19731128,94.94
19731129,94.62
19731130,93.51
19731203,91.97
19731204,91.56
19731205,89.73
19731206,91.27
19731207,92.32
19731210,93.54
19731211,92.2
19731212,90.81
19731213,89.12
19731214,89.63
19731217,89.13
19731218,90.56
19731219,90.24
19731220,90.27
19731221,89.52
19731224,88.67
19731225,
19731226,90.19
19731227,91.25
19731228,91.68
19731231,92.19
19740101,
19740102,92.53
19740103,94.18
19740104,94.1
19740107,94.47
19740108,94.02
19740109,92.2
19740110,91.42
19740111,92.23
19740114,92.4
19740115,93.07
19740116,94.49
19740117,95.95
19740118,95.32
19740121,94.48
19740122,95.29
19740123,95.76
19740124,95.61
19740125,95.4
19740128,95.02
19740129,94.56
19740130,95.17
19740131,94.93
19740201,94.15
19740204,92.89
19740205,92.46
19740206,92.74
19740207,92.81
19740208,92.2
19740211,91.13
19740212,90.5
19740213,90.08
19740214,90.21
19740215,90.98
19740218,
19740219,90.82
19740220,91.56
19740221,92.17
19740222,92.93
19740225,92.72
19740226,93.11
19740227,94.06
19740228,94.35
19740301,94.05
19740304,93.8
19740305,94.71
19740306,95.12
19740307,94.53
19740308,95.17
19740311,95.87
19740312,95.8
19740313,96.33
19740314,96.51
19740315,96.53
19740318,95.37
19740319,94.75
19740320,94.95
19740321,95.36
19740322,95.45
19740325,95.35
19740326,95.27
19740327,94.21
19740328,92.87
19740329,92.27
19740401,91.9
19740402,92.03
19740403,92.13
19740404,91.88
19740405,90.7
19740408,89.92
19740409,90.18
19740410,89.87
19740411,89.79
19740412,
19740415,89.42
19740416,90.33
19740417,90.72
19740418,90.9
19740419,90.31
19740422,90.27
19740423,88.47
19740424,86.95
19740425,86.04
19740426,86.24
19740429,86.46
19740430,86.86
19740501,87.63
19740502,87.97
19740503,87.47
19740506,87.31
19740507,86.66
19740508,85.74
19740509,85.81
19740510,84.3
19740513,83.18
19740514,83.16
19740515,83.51
19740516,83.5
19740517,81.93
19740520,81.43
19740521,81.29
19740522,80.72
19740523,80.55
19740524,81.45
19740527,
19740528,81.06
19740529,79.78
19740530,80.09
19740531,80.2
19740603,81.08
19740604,81.77
19740605,82.21
19740606,83.2
19740607,83.71
19740610,83.92
19740611,83.34
19740612,83.1
19740613,83.24
19740614,82.76
19740617,81.54
19740618,81.25
19740619,80.66
19740620,79.85
19740621,79.11
19740624,78.88
19740625,79.35
19740626,78.27
19740627,76.83
19740628,75.96
19740701,75.39
19740702,73.81
19740703,73.66
19740704,
19740705,73.57
19740708,70.96
19740709,70.59
19740710,69.82
19740711,69.95
19740712,71.68
19740715,71.98
19740716,71.63
19740717,72.71
19740718,72.81
19740719,73.4
19740722,73.42
19740723,74.44
19740724,74.63
19740725,73.51
19740726,72.83
19740729,71.49
19740730,71.3
19740731,69.99
19740801,69.63
19740802,69.4
19740805,69.67
19740806,70.53
19740807,71.68
19740808,70.66
19740809,70.69
19740812,70.36
19740813,68.82
19740814,67.25
19740815,66.88
19740816,65.86
19740819,65.13
19740820,65.72
19740821,64.92
19740822,63.59
19740823,62.57
19740826,62.94
19740827,62.34
19740828,62.43
19740829,61.37
19740830,62.37
19740902,
19740903,60.88
19740904,58.95
19740905,60.22
19740906,60.7
19740909,59.37
19740910,58.97
19740911,58.96
19740912,57.71
19740913,56.66
19740916,57.24
19740917,57.72
19740918,58.12
19740919,59.52
19740920,59.9
19740923,59.66
19740924,58.84
19740925,58.76
19740926,57.87
19740927,57.12
19740930,55.67
19741001,55.48
19741002,55.67
19741003,54.87
19741004,55.16
19741007,56.57
19741008,56.13
19741009,57.57
19741010,59.13
19741011,60.42
19741014,61.73
19741015,61.4
19741016,61.19
19741017,62.04
19741018,62.75
19741021,63.82
19741022,64.14
19741023,63.4
19741024,62.6
19741025,62.88
19741028,62.5
19741029,63.67
19741030,64.88
19741031,65.23
19741101,65.06
19741104,64.62
19741105,65.99
19741106,66.11
19741107,66.64
19741108,66.51
19741111,66.72
19741112,65.36
19741113,64.98
19741114,65.04
19741115,64.41
19741118,62.09
19741119,60.93
19741120,60.75
19741121,61.49
19741122,62.07
19741125,61.68
19741126,62.65
19741127,62.8
19741128,
19741129,62.95
19741202,61.66
19741203,60.5
19741204,60.41
19741205,58.92
19741206,58.21
19741209,57.91
19741210,58.76
19741211,59.27
19741212,59.36
19741213,59.22
19741216,58.85
19741217,59.18
19741218,59.63
19741219,59.46
19741220,58.67
19741223,57.86
19741224,58.31
19741225,
19741226,58.88
19741227,58.74
19741230,58.78
19741231,59.82
19750101,
19750102,60.7
19750103,61.23
19750106,61.74
19750107,61.89
19750108,61.5
19750109,62.37
19750110,63.69
19750113,63.34
19750114,63.11
19750115,63.87
19750116,64.8
19750117,64.4
19750120,64.44
19750121,64.18
19750122,64.12
19750123,64.49
19750124,65.38
19750127,67.04
19750128,67.92
19750129,69.08
19750130,68.99
19750131,69.78
19750203,70.73
19750204,70.13
19750205,71.07
19750206,71.46
19750207,71.12
19750210,70.82
19750211,70.83
19750212,71.59
19750213,72.88
19750214,73.26
19750217,
19750218,72.47
19750219,72.87
19750220,73.58
19750221,73.79
19750224,73.14
19750225,72.07
19750226,72.24
19750227,72.53
19750228,73
19750303,73.83
19750304,74.21
19750305,73.9
19750306,74.03
19750307,74.4
19750310,74.88
19750311,75.04
19750312,74.13
19750313,74.68
19750314,76.07
19750317,76.27
19750318,76.18
19750319,75.67
19750320,75.78
19750321,75.92
19750324,74.42
19750325,74.33
19750326,75.56
19750327,76.18
19750328,
19750331,75.66
19750401,75.42
19750402,75.62
19750403,74.95
19750404,74.73
19750407,74.34
19750408,74.53
19750409,75.4
19750410,75.76
19750411,76.31
19750414,77.33
19750415,77.51
19750416,78
19750417,78.26
19750418,78.08
19750421,79.08
19750422,78.54
19750423,78.24
19750424,78.07
19750425,78.64
19750428,78.28
19750429,77.82
19750430,78.54
19750501,79.27
19750502,80.25
19750505,81.14
19750506,80.81
19750507,81.31
19750508,82.12
19750509,82.82
19750512,82.3
19750513,82.35
19750514,82.91
19750515,82.79
19750516,82.44
19750519,81.99
19750520,81.82
19750521,80.95
19750522,81.56
19750523,82.62
19750526,
19750527,82.49
19750528,81.98
19750529,81.78
19750530,83.1
19750602,83.88
19750603,84.14
19750604,84.04
19750605,84.24
19750606,84.77
19750609,84.01
19750610,83.4
19750611,83.6
19750612,82.99
19750613,83.43
19750616,84.01
19750617,83.43
19750618,83.47
19750619,84.55
19750620,85.24
19750623,85.77
19750624,86.23
19750625,86.3
19750626,86.45
19750627,86.5
19750630,87.02
19750701,86.33
19750702,85.64
19750703,86.2
19750704,
19750707,85.6
19750708,85.39
19750709,86.5
19750710,86.83
19750711,87.2
19750714,87.58
19750715,88
19750716,87.39
19750717,87.13
19750718,87.02
19750721,86.77
19750722,85.72
19750723,84.62
19750724,84.14
19750725,83.6
19750728,83.09
19750729,82.67
19750730,83.03
19750731,83.19
19750801,81.62
19750804,80.98
19750805,80.17
19750806,80.24
19750807,79.59
19750808,79.55
19750811,79.45
19750812,79.6
19750813,79.09
19750814,78.45
19750815,78.58
19750818,78.03
19750819,76.65
19750820,75.52
19750821,75.9
19750822,76.45
19750825,76.84
19750826,76.21
19750827,76.57
19750828,78.06
19750829,79.01
19750901,
19750902,77.89
19750903,78.08
19750904,78.13
19750905,77.78
19750908,77.46
19750909,76.6
19750910,75.24
19750911,74.85
19750912,74.72
19750915,74.47
19750916,73.78
19750917,73.87
19750918,74.78
19750919,76.39
19750922,75.86
19750923,75.94
19750924,76.43
19750925,76.1
19750926,76.14
19750929,75.37
19750930,74.33
19751001,73.8
19751002,74.16
19751003,75.5
19751006,76.03
19751007,75.88
19751008,76.61
19751009,76.87
19751010,76.96
19751013,77.7
19751014,78.19
19751015,78.2
19751016,77.63
19751017,78.22
19751020,78.13
19751021,78.43
19751022,78.91
19751023,78.06
19751024,78.62
19751027,78.29
19751028,78.73
19751029,77.58
19751030,77.45
19751031,76.99
19751103,76.62
19751104,76.86
19751105,77.3
19751106,77.39
19751107,77.21
19751110,77.46
19751111,78
19751112,79.27
19751113,79.22
19751114,78.98
19751117,79.1
19751118,78.62
19751119,77.87
19751120,77.67
19751121,77.74
19751124,77.92
19751125,78.18
19751126,78.56
19751127,
19751128,78.8
19751201,78.66
19751202,77.33
19751203,75.67
19751204,75.2
19751205,74.72
19751208,74.92
19751209,74.52
19751210,75.25
19751211,75.08
19751212,74.91
19751215,74.54
19751216,75.19
19751217,75.8
19751218,76.07
19751219,75.92
19751222,75.59
19751223,75.88
19751224,76.37
19751225,
19751226,77.13
19751229,76.94
19751230,76.67
19751231,77.62
19760101,
19760102,78.06
19760105,78.76
19760106,80.27
19760107,80.99
19760108,81.65
19760109,82.31
19760112,82.71
19760113,82.42
19760114,83.62
19760115,83.73
19760116,84.3
19760119,84.73
19760120,84.9
19760121,84.95
19760122,84.62
19760123,85.26
19760126,85.05
19760127,84.76
19760128,84.63
19760129,86.15
19760130,87.05
19760202,87.28
19760203,87.38
19760204,88.45
19760205,88.02
19760206,87.25
19760209,87.83
19760210,87.95
19760211,88.69
19760212,88.88
19760213,88.96
19760216,
19760217,88.82
19760218,89.23
19760219,90.14
19760220,91.02
19760223,91.31
19760224,91.73
19760225,92.09
19760226,91.45
19760227,90.26
19760301,90.25
19760302,90.54
19760303,90.17
19760304,89.65
19760305,89.47
19760308,89.97
19760309,89.98
19760310,90.2
19760311,91.21
19760312,90.99
19760315,89.72
19760316,89.86
19760317,90.11
19760318,89.55
19760319,89.54
19760322,89.69
19760323,90.36
19760324,90.93
19760325,90.67
19760326,90.89
19760329,90.69
19760330,90.49
19760331,90.62
19760401,90.44
19760402,90.63
19760405,91.43
19760406,91.55
19760407,90.8
19760408,90.04
19760409,88.89
19760412,88.6
19760413,88.66
19760414,88.75
19760415,89.17
19760416,
19760419,89.59
19760420,90.61
19760421,90.77
19760422,90.96
19760423,90.6
19760426,90.57
19760427,89.98
19760428,90.3
19760429,90.55
19760430,90.08
19760503,89.05
19760504,89.24
19760505,89.24
19760506,89.42
19760507,90.02
19760510,90.55
19760511,90.59
19760512,90.64
19760513,90.22
19760514,89.78
19760517,89.49
19760518,89.53
19760519,89.25
19760520,89.53
19760521,89.39
19760524,88.15
19760525,87.81
19760526,88.1
19760527,87.78
19760528,88.04
19760531,
19760601,87.81
19760602,88.16
19760603,88.26
19760604,87.75
19760607,87.22
19760608,87.12
19760609,86.95
19760610,87.31
19760611,87.71
19760614,88.4
19760615,88.45
19760616,88.93
19760617,89.72
19760618,90.05
19760621,90.15
19760622,89.54
19760623,89.19
19760624,89.8
19760625,90.05
19760628,89.87
19760629,90.11
19760630,90.32
19760701,90.28
19760702,90.88
19760705,
19760706,90.62
19760707,90.6
19760708,90.79
19760709,91.48
19760712,91.94
19760713,91.97
19760714,92.44
19760715,92.52
19760716,92.4
19760719,92.08
19760720,91.68
19760721,91.53
19760722,91.66
19760723,91.6
19760726,91.48
19760727,91.3
19760728,91.01
19760729,90.85
19760730,91.29
19760802,91.27
19760803,92.01
19760804,91.87
19760805,91.48
19760806,91.64
19760809,91.33
19760810,91.89
19760811,91.81
19760812,91.89
19760813,91.81
19760816,91.77
19760817,92.01
19760818,91.85
19760819,90.74
19760820,90.19
19760823,89.6
19760824,89.13
19760825,89.55
19760826,89.2
19760827,89.14
19760830,89.28
19760831,89.7
19760901,90.59
19760902,90.68
19760903,91.02
19760906,
19760907,91.21
19760908,91.26
19760909,90.86
19760910,91.19
19760913,90.96
19760914,90.53
19760915,90.63
19760916,91.04
19760917,91.61
19760920,91.89
19760921,92.42
19760922,92.44
19760923,92.27
19760924,92.31
19760927,92.44
19760928,91.64
19760929,91.27
19760930,91.26
19761001,90.44
19761004,90.46
19761005,89.75
19761006,89.07
19761007,89.63
19761008,89.38
19761011,89.02
19761012,88.76
19761013,89.3
19761014,88.73
19761015,89.06
19761018,89.46
19761019,89.45
19761020,89.63
19761021,89.49
19761022,89.26
19761025,89.37
19761026,89.42
19761027,89.62
19761028,89.85
19761029,90.35
19761101,90.39
19761102,
19761103,89.38
19761104,90.06
19761105,89.47
19761108,88.74
19761109,88.08
19761110,87.82
19761111,88.15
19761112,88.1
19761115,88.13
19761116,88.52
19761117,89.01
19761118,89.81
19761119,89.97
19761122,90.47
19761123,90.22
19761124,90.69
19761125,
19761126,91.42
19761129,91.08
19761130,91.12
19761201,91.83
19761202,91.84
19761203,92.31
19761206,92.63
19761207,93.01
19761208,93.37
19761209,94.1
19761210,94.62
19761213,94.62
19761214,94.65
19761215,94.92
19761216,94.93
19761217,94.64
19761220,94.47
19761221,94.68
19761222,95.18
19761223,95.22
19761224,
19761227,95.68
19761228,96.22
19761229,96.29
19761230,97.05
19761231,97.88
19770103,97.69
19770104,97.22
19770105,96.89
19770106,97.29
19770107,97.53
19770110,97.31
19770111,96.41
19770112,96.02
19770113,96.84
19770114,97.2
19770117,97.14
19770118,97.13
19770119,97.55
19770120,97.08
19770121,97.32
19770124,97.37
19770125,97.06
19770126,96.51
19770127,96.04
19770128,95.72
19770131,95.54
19770201,96.3
19770202,96.46
19770203,96.33
19770204,96.74
19770207,96.61
19770208,96.59
19770209,95.99
19770210,96.29
19770211,96.09
19770214,96.13
19770215,96.41
19770216,96.62
19770217,96.56
19770218,96.38
19770221,
19770222,96.14
19770223,95.76
19770224,94.84
19770225,94.9
19770228,94.57
19770301,95.14
19770302,95.19
19770303,95.53
19770304,96.07
19770307,96.17
19770308,96.23
19770309,95.75
19770310,95.94
19770311,96.07
19770314,96.19
19770315,96.39
19770316,96.58
19770317,96.42
19770318,96.44
19770321,96.26
19770322,96.05
19770323,95.76
19770324,95.54
19770325,95.28
19770328,94.85
19770329,94.92
19770330,94.23
19770331,94.13
19770401,94.54
19770404,93.9
19770405,93.66
19770406,93.89
19770407,94.03
19770408,
19770411,94.37
19770412,95.06
19770413,95.1
19770414,96
19770415,96.26
19770418,96.17
19770419,96.1
19770420,96.36
19770421,95.82
19770422,95.12
19770425,94.26
19770426,94.12
19770427,94.79
19770428,95.06
19770429,95.48
19770502,95.83
19770503,96.21
19770504,96.63
19770505,96.89
19770506,96.9
19770509,96.76
19770510,97.16
19770511,96.92
19770512,96.96
19770513,97.41
19770516,97.79
19770517,97.9
19770518,98.47
19770519,98.36
19770520,98
19770523,97.15
19770524,96.66
19770525,96.18
19770526,96.17
19770527,95.9
19770530,
19770531,95.59
19770601,95.86
19770602,95.8
19770603,96.19
19770606,96.11
19770607,96.17
19770608,96.59
19770609,96.63
19770610,97.07
19770613,97.28
19770614,97.7
19770615,97.67
19770616,98.22
19770617,98.61
19770620,98.72
19770621,98.83
19770622,98.78
19770623,99.17
19770624,99.66
19770627,99.63
19770628,99.28
19770629,99.34
19770630,99.73
19770701,99.9
19770704,
19770705,100.12
19770706,99.96
19770707,100.28
19770708,100.81
19770711,100.85
19770712,100.75
19770713,100.93
19770714,
19770715,101.41
19770718,102.01
19770719,102.38
19770720,102.43
19770721,102.7
19770722,103.11
19770725,103.01
19770726,102.4
19770727,101.25
19770728,100.68
19770729,100.65
19770801,100.76
19770802,100.4
19770803,100.02
19770804,100.39
19770805,100.86
19770808,100.55
19770809,100.52
19770810,100.81
19770811,100.94
19770812,100.76
19770815,100.89
19770816,100.65
19770817,100.72
19770818,100.86
19770819,100.85
19770822,101.05
19770823,100.94
19770824,100.75
19770825,100.14
19770826,99.89
19770829,100.37
19770830,100.11
19770831,100.1
19770901,100.4
19770902,100.83
19770905,
19770906,100.78
19770907,101.16
19770908,101.28
19770909,100.91
19770912,100.6
19770913,100.46
19770914,100.61
19770915,100.97
19770916,100.74
19770919,100.35
19770920,100.23
19770921,99.76
19770922,99.47
19770923,99.57
19770926,99.74
19770927,99.74
19770928,99.96
19770929,100.27
19770930,100.85
19771003,101.16
19771004,100.81
19771005,100.82
19771006,101.31
19771007,101.62
19771010,101.69
19771011,101.23
19771012,99.83
19771013,99.03
19771014,99.05
19771017,99.14
19771018,99.25
19771019,98.45
19771020,98.6
19771021,98.54
19771024,97.89
19771025,96.83
19771026,96.86
19771027,97.07
19771028,97.49
19771031,97.52
19771101,96.74
19771102,96.51
19771103,96.49
19771104,97.21
19771107,97.85
19771108,98.21
19771109,98.7
19771110,99.98
19771111,100.94
19771114,100.98
19771115,101.52
19771116,101.56
19771117,101.86
19771118,102.22
19771121,102.35
19771122,102.93
19771123,103.74
19771124,
19771125,104.33
19771128,104.06
19771129,103.2
19771130,103.15
19771201,103.68
19771202,104.1
19771205,104.15
19771206,102.97
19771207,102.85
19771208,103.06
19771209,103.57
19771212,103.89
19771213,104.1
19771214,103.96
19771215,103.89
19771216,104.05
19771219,103.3
19771220,102.5
19771221,103.03
19771222,103.41
19771223,103.94
19771226,
19771227,103.96
19771228,104.04
19771229,104.42
19771230,105.05
19780102,
19780103,104
19780104,103.66
19780105,103.21
19780106,101.66
19780109,100.2
19780110,99.58
19780111,99.09
19780112,99.54
19780113,99.77
19780116,99.36
19780117,99.98
19780118,100.42
19780119,100.58
19780120,100.63
19780123,100.34
19780124,100.54
19780125,100.87
19780126,100.53
19780127,100.62
19780130,100.97
19780131,100.84
19780201,101.54
19780202,101.94
19780203,102.22
19780206,102.27
19780207,102.75
19780208,103.18
19780209,103.2
19780210,103.58
19780213,103.34
19780214,102.78
19780215,102.56
19780216,102.17
19780217,102.25
19780220,
19780221,101.99
19780222,102.13
19780223,102.16
19780224,102.7
19780227,102.22
19780228,101.47
19780301,101.47
19780302,101.71
19780303,101.95
19780306,101.74
19780307,102.02
19780308,102.41
19780309,102.82
19780310,103.42
19780313,103.53
19780314,103.66
19780315,103.8
19780316,104.38
19780317,104.94
19780320,105.36
19780321,105.02
19780322,105.16
19780323,105.39
19780324,
19780327,105.3
19780328,105.68
19780329,106.08
19780330,106.18
19780331,106.2
19780403,105.89
19780404,106.2
19780405,106.95
19780406,107.47
19780407,108.23
19780410,108.53
19780411,108.44
19780412,108.87
19780413,109.99
19780414,111.29
19780417,111.91
19780418,111.43
19780419,111.64
19780420,112.86
19780421,113.32
19780424,113.6
19780425,114.28
19780426,114.7
19780427,114.59
19780428,115.18
19780501,115.96
19780502,116.12
19780503,116.21
19780504,116.48
19780505,117.27
19780508,117.14
19780509,117.05
19780510,117.55
19780511,118.25
19780512,119.4
19780515,119.8
19780516,120.78
19780517,121.84
19780518,121.66
19780519,121.57
19780522,121.93
19780523,120.97
19780524,119.8
19780525,119.82
19780526,119.86
19780529,
19780530,120
19780531,120.24
19780601,120.34
19780602,121.03
19780605,122.1
19780606,122.85
19780607,123.1
19780608,123.99
19780609,124.41
19780612,124.29
19780613,124.24
19780614,124.51
19780615,124.19
19780616,123.69
19780619,122.92
19780620,122.03
19780621,120.63
19780622,120.68
19780623,120.74
19780626,119.54
19780627,119.18
19780628,119.52
19780629,119.98
19780630,120.3
19780703,120.15
19780704,
19780705,119.22
19780706,118.82
19780707,119.16
19780710,119.38
19780711,119.83
19780712,120.28
19780713,120.43
19780714,121.58
19780717,122.36
19780718,122.09
19780719,122.8
19780720,123.75
19780721,123.6
19780724,123.59
19780725,123.79
19780726,124.48
19780727,125.13
19780728,125.62
19780731,126.32
19780801,126.81
19780802,128.16
19780803,129.02
19780804,129.71
19780807,130.21
19780808,130.49
19780809,131.64
19780810,131.58
19780811,132
19780814,132.11
19780815,131.95
19780816,132.77
19780817,134.14
19780818,134.71
19780821,133.77
19780822,133.87
19780823,134.73
19780824,135.28
19780825,135.84
19780828,135.24
19780829,134.63
19780830,134.75
19780831,135.01
19780901,135.35
19780904,
19780905,135.46
19780906,136.48
19780907,137.09
19780908,138.36
19780911,138.95
19780912,139.24
19780913,139.25
19780914,138.34
19780915,137.36
19780918,135.65
19780919,134.06
19780920,132.66
19780921,132.1
19780922,132.3
19780925,132.11
19780926,132.92
19780927,132.01
19780928,132.11
19780929,132.89
19781002,133.3
19781003,133.11
19781004,133.1
19781005,133.54
19781006,134
19781009,134.64
19781010,134.93
19781011,135.27
19781012,135.57
19781013,135.58
19781016,133.94
19781017,130.96
19781018,128.92
19781019,127.22
19781020,123.82
19781023,121.94
19781024,121.14
19781025,121.16
19781026,118
19781027,115.25
19781030,112.4
19781031,111.12
19781101,114.65
19781102,114.63
19781103,115.49
19781106,115.08
19781107,112.83
19781108,112.99
19781109,113.88
19781110,114.84
19781113,113
19781114,110.88
19781115,111.44
19781116,112.21
19781117,113.69
19781120,114.51
19781121,114.56
19781122,115.37
19781123,
19781124,116.17
19781127,115.97
19781128,115.6
19781129,114.09
19781130,114.69
19781201,116.19
19781204,116.57
19781205,117.67
19781206,118.45
19781207,118.55
19781208,118.77
19781211,119.15
19781212,118.5
19781213,118.13
19781214,118.15
19781215,117.41
19781218,114.33
19781219,114.73
19781220,115.3
19781221,115.85
19781222,116.93
19781225,
19781226,117.68
19781227,117.33
19781228,117.3
19781229,117.98
19790101,
19790102,117.84
19790103,119.11
19790104,120.66
19790105,122.05
19790108,121.92
19790109,122.66
19790110,122.28
19790111,122.76
19790112,123.74
19790115,124.47
19790116,123.74
19790117,123.59
19790118,124.31
19790119,124.65
19790122,124.66
19790123,125.46
19790124,125.34
19790125,126.42
19790126,127.04
19790129,126.77
19790130,126.51
19790131,125.82
19790201,125.76
19790202,125.82
19790205,124.34
19790206,124.31
19790207,122.8
19790208,123.41
19790209,123.76
19790212,124.05
19790213,124.89
19790214,124.61
19790215,124.93
19790216,125.57
19790219,
19790220,125.83
19790221,125.76
19790222,125.45
19790223,125.04
19790226,124.9
19790227,122.64
19790228,122.56
19790301,123.33
19790302,123.67
19790305,124.72
19790306,124.43
19790307,125.61
19790308,127.05
19790309,127.25
19790312,127.19
19790313,127.69
19790314,127.59
19790315,127.85
19790316,128.55
19790319,129.14
19790320,128.79
19790321,129.44
19790322,130.08
19790323,130.58
19790326,130.11
19790327,130.78
19790328,130.87
19790329,131.29
19790330,131.76
19790402,131.36
19790403,132.33
19790404,132.75
19790405,133.37
19790406,133.75
19790409,133.74
19790410,134.22
19790411,133.57
19790412,133.54
19790413,
19790416,132.48
19790417,132.26
19790418,132.91
19790419,133.18
19790420,133.67
19790423,133.87
19790424,134.29
19790425,134.78
19790426,134.65
19790427,134.37
19790430,133.82
19790501,133.79
19790502,133.99
19790503,134.2
19790504,133.72
19790507,130.6
19790508,129.6
19790509,130.34
19790510,129.71
19790511,129.69
19790514,128.99
19790515,129.01
19790516,129.35
19790517,130.44
19790518,131.01
19790521,131.16
19790522,131.9
19790523,132.12
19790524,132.1
19790525,132.68
19790528,
19790529,132.46
19790530,131.39
19790531,131.42
19790601,131.76
19790604,131.95
19790605,133.02
19790606,133.62
19790607,134.55
19790608,134.96
19790611,135.04
19790612,135.92
19790613,136.01
19790614,136.02
19790615,136.25
19790618,135.85
19790619,136.05
19790620,136.45
19790621,136.71
19790622,137.24
19790625,136.89
19790626,136.53
19790627,137.4
19790628,138.08
19790629,138.13
19790702,137.03
19790703,137.03
19790704,
19790705,137.79
19790706,138.64
19790709,139.15
19790710,138.97
19790711,138.85
19790712,138.68
19790713,138.52
19790716,138.89
19790717,137.86
19790718,137.26
19790719,137.57
19790720,137.98
19790723,137.57
19790724,138.02
19790725,138.97
19790726,139.52
19790727,140.02
19790730,140.54
19790731,141.33
19790801,141.9
19790802,142.54
19790803,142.63
19790806,142.41
19790807,143.3
19790808,144.06
19790809,144.27
19790810,145.07
19790813,146.07
19790814,146.3
19790815,147.14
19790816,147.44
19790817,147.84
19790820,147.95
19790821,147.99
19790822,148.74
19790823,149.13
19790824,149.4
19790827,149.51
19790828,149.54
19790829,150.04
19790830,150.06
19790831,150.44
19790903,
19790904,148.49
19790905,146.03
19790906,146.87
19790907,148.07
19790910,148.91
19790911,148.39
19790912,148.66
19790913,149.33
19790914,150.56
19790917,150.46
19790918,149.19
19790919,149.44
19790920,150.2
19790921,150.65
19790924,150.12
19790925,149.27
19790926,149.88
19790927,150.37
19790928,149.98
19791001,149.59
19791002,150.01
19791003,150.51
19791004,151.42
19791005,152.29
19791008,150.98
19791009,145.2
19791010,139.31
19791011,140.09
19791012,140.71
19791015,138.39
19791016,138.34
19791017,139.04
19791018,139.46
19791019,136.59
19791022,133.16
19791023,132.61
19791024,133.02
19791025,132.72
19791026,133.75
19791029,133.91
19791030,135.48
19791031,135.53
19791101,136.42
19791102,136.88
19791105,136.11
19791106,135.66
19791107,134.14
19791108,134.77
19791109,135.86
19791112,137.05
19791113,137.14
19791114,137.76
19791115,138.92
19791116,139.07
19791119,139.98
19791120,139.5
19791121,138.88
19791122,
19791123,139.85
19791126,141.95
19791127,142.55
19791128,143.53
19791129,144.16
19791130,144.26
19791203,143.86
19791204,144.8
19791205,145.92
19791206,147.04
19791207,147.49
19791210,147.97
19791211,147.83
19791212,148.51
19791213,148.97
19791214,150.03
19791217,150.56
19791218,149.72
19791219,149.65
19791220,150.27
19791221,150.17
19791224,149.97
19791225,
19791226,150.01
19791227,150.23
19791228,150.83
19791231,151.14
19800101,
19800102,148.17
19800103,145.97
19800104,148.02
19800107,148.62
19800108,150.68
19800109,151.6
19800110,153.12
19800111,153.87
19800114,154.4
19800115,154.96
19800116,155.99
19800117,155.81
19800118,156.14
19800121,157.35
19800122,156.92
19800123,158.5
19800124,159.24
19800125,159.7
19800128,160.7
19800129,160.29
19800130,161.3
19800131,161.75
19800201,162.3
19800204,162.02
19800205,162.2
19800206,162.99
19800207,163.77
19800208,165.25
19800211,164.46
19800212,164.57
19800213,164.98
19800214,163.54
19800215,162.56
19800218,
19800219,161.06
19800220,162.1
19800221,161.31
19800222,160.08
19800225,157.97
19800226,158.5
19800227,157.73
19800228,157.46
19800229,158.03
19800303,156.87
19800304,155.39
19800305,152.94
19800306,148.64
19800307,146.19
19800310,143.75
19800311,144.56
19800312,144.63
19800313,144.98
19800314,144.44
19800317,139.7
19800318,138.92
19800319,139.97
19800320,139.64
19800321,138.8
19800324,134.61
19800325,132.52
19800326,132.22
19800327,124.09
19800328,129.25
19800331,131
19800401,133.14
19800402,135.8
19800403,136.01
19800404,
19800407,133.4
19800408,134.37
19800409,136.04
19800410,137.28
19800411,137.75
19800414,136.67
19800415,136.39
19800416,135.76
19800417,134.55
19800418,134.66
19800421,133.08
19800422,135.71
19800423,136.92
19800424,138.69
19800425,137.92
19800428,138.54
19800429,139.35
19800430,139.99
19800501,139.68
19800502,140.25
19800505,141.04
19800506,142.23
19800507,143.58
19800508,143.26
19800509,143.06
19800512,142.96
19800513,144.1
19800514,145.66
19800515,146.62
19800516,147.24
19800519,147.24
19800520,146.93
19800521,146.75
19800522,147.96
19800523,149.48
19800526,
19800527,150.1
19800528,150.7
19800529,150.09
19800530,150.45
19800602,150.17
19800603,149.92
19800604,151.21
19800605,152.21
19800606,152.68
19800609,153
19800610,154.15
19800611,155.22
19800612,155.31
19800613,156.59
19800616,156.79
19800617,156.98
19800618,157.19
19800619,156.73
19800620,156.51
19800623,156.99
19800624,157.66
19800625,158.74
19800626,159
19800627,159.18
19800630,157.78
19800701,158.17
19800702,159.18
19800703,160.87
19800704,
19800707,163.63
19800708,163.58
19800709,164.09
19800710,163.84
19800711,164.82
19800714,166.52
19800715,167.05
19800716,167.1
19800717,168.67
19800718,169.99
19800721,170.48
19800722,169.79
19800723,169.82
19800724,169.92
19800725,169.63
19800728,170.02
19800729,171.06
19800730,172.33
19800731,171.81
19800801,172.49
19800804,171.89
19800805,172.52
19800806,173.45
19800807,175.24
19800808,175.88
19800811,177.11
19800812,176.62
19800813,177.02
19800814,178.76
19800815,179.89
19800818,177.24
19800819,176.28
19800820,177.68
19800821,179.91
19800822,181.7
19800825,181.58
19800826,182.39
19800827,182.15
19800828,180.99
19800829,181.52
19800901,
19800902,182.34
19800903,184.53
19800904,185.05
19800905,185.61
19800908,184.45
19800909,184.84
19800910,186.31
19800911,188.16
19800912,189.58
19800915,189.59
19800916,191.31
19800917,193.95
19800918,193.61
19800919,195.33
19800922,195.94
19800923,195.05
19800924,195.18
19800925,194.05
19800926,190.77
19800929,185.79
19800930,187.76
19801001,189.62
19801002,190.81
19801003,193.43
19801006,196.01
19801007,196.17
19801008,197.18
19801009,197.53
19801010,197.79
19801013,198.87
19801014,199.02
19801015,199.43
19801016,197.95
19801017,197.24
19801020,197.15
19801021,196.46
19801022,197.9
19801023,195.81
19801024,196.17
19801027,194.35
19801028,193.76
19801029,194.49
19801030,192.51
19801031,192.78
19801103,193.15
19801104,
19801105,196.03
19801106,193.96
19801107,193.51
19801110,193.1
19801111,195.02
19801112,197.78
19801113,200.25
19801114,201.76
19801117,201.59
19801118,203.76
19801119,205.02
19801120,206.5
19801121,206.07
19801124,204.22
19801125,205.41
19801126,207.06
19801127,
19801128,208.15
19801201,204.91
19801202,203.71
19801203,204.9
19801204,206.19
19801205,203.02
19801208,195.87
19801209,195.07
19801210,193.58
19801211,188.75
19801212,191.22
19801215,194.02
19801216,191.88
19801217,194.02
19801218,196.01
19801219,197.91
19801222,199.79
19801223,199.86
19801224,200.14
19801225,
19801226,201.28
19801229,199.84
19801230,200.46
19801231,202.34
19810101,
19810102,203.55
19810105,204.17
19810106,204.07
19810107,197.35
19810108,195.89
19810109,197.66
19810112,198.44
19810113,198.05
19810114,199.08
19810115,199.85
19810116,197.66
19810119,201.58
19810120,198.72
19810121,198.09
19810122,197.12
19810123,197.52
19810126,196.13
19810127,197.18
19810128,197.37
19810129,197.88
19810130,197.81
19810202,193.09
19810203,193.56
19810204,194.57
19810205,196.29
19810206,197.87
19810209,196.93
19810210,196.7
19810211,195.81
19810212,194.61
19810213,193.89
19810216,
19810217,193.98
19810218,194.73
19810219,192.74
19810220,192.29
19810223,193.06
19810224,193.94
19810225,193.99
19810226,196.13
19810227,198.01
19810302,199.06
19810303,198.35
19810304,198.75
19810305,199.05
19810306,199.89
19810309,200.14
19810310,199.03
19810311,198.16
19810312,200.67
19810313,202.17
19810316,203.44
19810317,203.19
19810318,204
19810319,204.45
19810320,206.29
19810323,207.62
19810324,207.7
19810325,209.31
19810326,209.53
19810327,208.82
19810330,209.25
19810331,210.18
19810401,211.34
19810402,211.96
19810403,212.65
19810406,211.27
19810407,211.76
19810408,212.8
19810409,213.91
19810410,215.15
19810413,214.33
19810414,213.39
19810415,212.8
19810416,216.64
19810417,
19810420,217.55
19810421,216.73
19810422,217.19
19810423,218.02
19810424,219.56
19810427,219.88
19810428,217.63
19810429,216.22
19810430,216.74
19810501,216.68
19810504,213.32
19810505,211.55
19810506,211.98
19810507,213.66
19810508,214.84
19810511,212.79
19810512,213.12
19810513,213.78
19810514,215.18
19810515,216.51
19810518,216.94
19810519,216.12
19810520,217.63
19810521,218.35
19810522,219.23
19810525,
19810526,220.24
19810527,222.17
19810528,223.31
19810529,223.47
19810601,223.02
19810602,219.59
19810603,218.89
19810604,219.68
19810605,221.3
19810608,220.84
19810609,220.01
19810610,220.4
19810611,222.34
19810612,222.76
19810615,222.96
19810616,220.58
19810617,220.61
19810618,218.71
19810619,219.56
19810622,218.6
19810623,219.23
19810624,218.77
19810625,219.31
19810626,219.76
19810629,218.22
19810630,215.75
19810701,214.63
19810702,212.8
19810703,
19810706,209.1
19810707,208.01
19810708,208.44
19810709,210.03
19810710,210.54
19810713,210.86
19810714,209.88
19810715,210.84
19810716,212.02
19810717,212.76
19810720,207.27
19810721,207.17
19810722,206.16
19810723,206.41
19810724,208
19810727,209.42
19810728,208.91
19810729,208.95
19810730,210.03
19810731,211.63
19810803,210.4
19810804,210.09
19810805,211.03
19810806,211.67
19810807,211.94
19810810,210.84
19810811,211.67
19810812,211.95
19810813,212.36
19810814,212.12
19810817,209.65
19810818,207.01
19810819,207.22
19810820,207.97
19810821,206.76
19810824,200.76
19810825,197.78
19810826,197.81
19810827,196.82
19810828,197.55
19810831,195.75
19810901,195.17
19810902,195.39
19810903,191.99
19810904,189.63
19810907,
19810908,184.79
19810909,184.77
19810910,187.55
19810911,189.81
19810914,189.62
19810915,189.56
19810916,187.82
19810917,185.71
19810918,184.27
19810921,184.41
19810922,183.26
19810923,179.99
19810924,180.39
19810925,175.12
19810928,175.03
19810929,178.51
19810930,180.03
19811001,181.09
19811002,184.37
19811005,185.91
19811006,185.87
19811007,188.78
19811008,191.01
19811009,191.27
19811012,191.28
19811013,191.92
19811014,189.43
19811015,189.85
19811016,190.24
19811019,189.77
19811020,191.23
19811021,192.38
19811022,192.43
19811023,191.91
19811026,191.01
19811027,192.61
19811028,193.75
19811029,193.08
19811030,195.24
19811102,197.25
19811103,198.78
19811104,199.73
19811105,200.02
19811106,199.97
19811109,199.92
19811110,199.9
19811111,200.05
19811112,200.99
19811113,200.16
19811116,197.16
19811117,197.68
19811118,197.6
19811119,197.32
19811120,198.6
19811123,198.01
19811124,199.04
19811125,200.01
19811126,
19811127,201.02
19811130,201.37
19811201,201.13
19811202,200.35
19811203,199.9
19811204,200.88
19811207,199.71
19811208,198.13
19811209,198.29
19811210,198.92
19811211,198.64
19811214,195.67
19811215,195.16
19811216,195.09
19811217,195.7
19811218,197.01
19811221,196.37
19811222,195.64
19811223,195.45
19811224,195.7
19811225,
19811228,195.14
19811229,193.91
19811230,194.66
19811231,195.84
19820101,
19820104,195.53
19820105,192.33
19820106,191.15
19820107,191.02
19820108,192.05
19820111,188.8
19820112,187.32
19820113,185.73
19820114,185.89
19820115,187.32
19820118,187.21
19820119,186.16
19820120,185.72
19820121,186.4
19820122,185.83
19820125,183.52
19820126,183.41
19820127,183.57
19820128,186.22
19820129,188.39
19820201,186.82
19820202,187.46
19820203,187.43
19820204,187.14
19820205,188.21
19820208,184.63
19820209,182.51
19820210,182.97
19820211,182.25
19820212,182.52
19820215,
19820216,180.71
19820217,181.25
19820218,181.38
19820219,180.65
19820222,179.07
19820223,177.49
19820224,178.58
19820225,179.44
19820226,179.43
19820301,180.13
19820302,180.14
19820303,178.01
19820304,176.29
19820305,173.97
19820308,171.03
19820309,169.71
19820310,170.42
19820311,170.09
19820312,168.23
19820315,167.92
19820316,168.28
19820317,168.2
19820318,170.13
19820319,171.76
19820322,173.83
19820323,174.95
19820324,174.84
19820325,175.83
19820326,175.2
19820329,175.5
19820330,175.42
19820331,175.65
19820401,177.31
19820402,178.56
19820405,178.21
19820406,178.68
19820407,179.91
19820408,181.15
19820409,
19820412,180.89
19820413,180.76
19820414,180.41
19820415,181.12
19820416,182.25
19820419,182.37
19820420,181.94
19820421,182.32
19820422,183.66
19820423,184.93
19820426,185.8
19820427,184.72
19820428,184.89
19820429,184.15
19820430,184.7
19820503,184.97
19820504,185.95
19820505,185.88
19820506,187.27
19820507,188.13
19820510,187.57
19820511,188.19
19820512,188.06
19820513,187.66
19820514,188.22
19820517,186.9
19820518,185.81
19820519,183.91
19820520,182.72
19820521,182.4
19820524,181.71
19820525,181.12
19820526,178.76
19820527,178.37
19820528,178.54
19820531,
19820601,177.36
19820602,177.82
19820603,177.1
19820604,174.82
19820607,173.87
19820608,173.28
19820609,170.94
19820610,171.37
19820611,173.55
19820614,172.15
19820615,171.19
19820616,171.44
19820617,169.85
19820618,168.5
19820621,168
19820622,169.05
19820623,170.86
19820624,171.12
19820625,170.48
19820628,171.07
19820629,170.53
19820630,171.3
19820701,170.6
19820702,170.05
19820705,
19820706,169.22
19820707,168.08
19820708,166.8
19820709,168.07
19820712,168.85
19820713,169.35
19820714,169.21
19820715,169.61
19820716,170.18
19820719,170.09
19820720,170.83
19820721,171.54
19820722,172.06
19820723,172.11
19820726,171.45
19820727,170.71
19820728,168.37
19820729,167.6
19820730,167.35
19820802,168.37
19820803,167.97
19820804,166.56
19820805,165.15
19820806,163.59
19820809,161.38
19820810,161.32
19820811,160.77
19820812,159.84
19820813,159.14
19820816,159.68
19820817,162.28
19820818,164.99
19820819,164.92
19820820,166.96
19820823,169.88
19820824,172.23
19820825,174.93
19820826,178.17
19820827,177.6
19820830,178.98
19820831,177.71
19820901,177.3
19820902,179.59
19820903,182.05
19820906,
19820907,180.88
19820908,181.79
19820909,182.77
19820910,182.47
19820913,182.9
19820914,184.6
19820915,186.31
19820916,186.8
19820917,186.61
19820920,186
19820921,187.91
19820922,188.62
19820923,188.15
19820924,188.61
19820927,188.64
19820928,189.04
19820929,188.26
19820930,187.65
19821001,188.7
19821004,188.02
19821005,188.77
19821006,191.98
19821007,195.59
19821008,198.19
19821011,202.31
19821012,202.16
19821013,205.17
19821014,204.85
19821015,204.46
19821018,206.61
19821019,207.48
19821020,210.7
19821021,214.28
19821022,215.29
19821025,209.92
19821026,209.92
19821027,212.2
19821028,211.87
19821029,212.63
19821101,214.52
19821102,217.65
19821103,222.77
19821104,225.01
19821105,227.03
19821108,226.74
19821109,230.19
19821110,230.41
19821111,231.52
19821112,232.61
19821115,229.34
19821116,224.97
19821117,227.75
19821118,229.28
19821119,229.41
19821122,225.79
19821123,225.17
19821124,226.88
19821125,
19821126,228.64
19821129,228.39
19821130,232.31
19821201,235.59
19821202,236.18
19821203,237.16
19821206,239.29
19821207,240.65
19821208,240.7
19821209,237.24
19821210,233.85
19821213,233.33
19821214,231.33
19821215,225.69
19821216,225.6
19821217,228.93
19821220,227.88
19821221,228.52
19821222,231.04
19821223,232.33
19821224,
19821227,233.2
19821228,232.2
19821229,232.27
19821230,231.28
19821231,232.41
19830103,230.59
19830104,231.64
19830105,232.73
19830106,236.61
19830107,238.6
19830110,240.94
19830111,240.85
19830112,242.9
19830113,243.48
19830114,245.63
19830117,247.14
19830118,246.7
19830119,245.2
19830120,245.99
19830121,243.97
19830124,236.73
19830125,239.19
19830126,241.43
19830127,245.44
19830128,246.93
19830131,248.35
19830201,248.15
19830202,248.28
19830203,249.44
19830204,251.65
19830207,252.02
19830208,251.1
19830209,251.38
19830210,254.77
19830211,256.64
19830214,258.67
19830215,259.06
19830216,259.07
19830217,259
19830218,261.29
19830221,
19830222,259.18
19830223,259.99
19830224,262.31
19830225,262.44
19830228,260.67
19830301,261.82
19830302,263.4
19830303,265.21
19830304,265.94
19830307,265.39
19830308,263.16
19830309,265.06
19830310,266.08
19830311,266.18
19830314,264.34
19830315,264.25
19830316,264.66
19830317,264.01
19830318,265.01
19830321,266.37
19830322,267.52
19830323,269.26
19830324,270.37
19830325,270.89
19830328,269.15
19830329,268.77
19830330,270.76
19830331,270.8
19830401,
19830404,268.73
19830405,268.83
19830406,266.47
19830407,266.74
19830408,268.1
19830411,270.81
19830412,272.73
19830413,275.93
19830414,278.81
19830415,281.6
19830418,282.23
19830419,281.86
19830420,284.81
19830421,286.84
19830422,288.55
19830425,286.58
19830426,288.11
19830427,288.93
19830428,290.84
19830429,293.06
19830502,290.54
19830503,289.65
19830504,293.21
19830505,297.32
19830506,301.64
19830509,302.65
19830510,304.34
19830511,302.89
19830512,302.15
19830513,303.75
19830516,299.6
19830517,301.02
19830518,303.51
19830519,302.82
19830520,303.56
19830523,303.86
19830524,307.36
19830525,309.16
19830526,311.39
19830527,312.05
19830530,
19830531,308.73
19830601,307.95
19830602,310.45
19830603,313.85
19830606,315.48
19830607,314.17
19830608,312.49
19830609,312.74
19830610,315.24
19830613,318.05
19830614,320.04
19830615,322.04
19830616,326.5
19830617,326.11
19830620,324.63
19830621,325.96
19830622,328.19
19830623,327.73
19830624,328.91
19830627,324.34
19830628,315.87
19830629,316.24
19830630,318.7
19830701,321.58
19830704,
19830705,317.15
19830706,316.24
19830707,320.03
19830708,319.57
19830711,320.88
19830712,316.93
19830713,314.59
19830714,315.49
19830715,312.87
19830718,310.29
19830719,311.17
19830720,316.76
19830721,319.29
19830722,320.71
19830725,320.48
19830726,320.38
19830727,315.04
19830728,308.47
19830729,303.96
19830801,302.08
19830802,303.18
19830803,303.86
19830804,299.7
19830805,300.2
19830808,294.93
19830809,294.26
19830810,296.65
19830811,297.56
19830812,299.58
19830815,301.77
19830816,299.85
19830817,300.84
19830818,299.78
19830819,299.1
19830822,298.76
19830823,293.66
19830824,290.86
19830825,289.53
19830826,290.31
19830829,289.36
19830830,289.86
19830831,292.42
19830901,294.55
19830902,297.85
19830905,
19830906,301.23
19830907,300.76
19830908,301.79
19830909,302.23
19830912,300.76
19830913,297.93
19830914,298.34
19830915,297.19
19830916,298.27
19830919,301.83
19830920,303.36
19830921,303.26
19830922,304.56
19830923,303.61
19830926,303.77
19830927,300.78
19830928,299.76
19830929,299.29
19830930,296.65
19831003,294.64
19831004,294.81
19831005,294.57
19831006,295.78
19831007,297.36
19831010,297.42
19831011,295.41
19831012,291.59
19831013,290.44
19831014,290.04
19831017,289.69
19831018,283.62
19831019,283.62
19831020,281.25
19831021,279.49
19831024,276.81
19831025,278.6
19831026,277.85
19831027,277.5
19831028,276.14
19831031,274.55
19831101,273.04
19831102,275.18
19831103,274.26
19831104,273.17
19831107,271.12
19831108,269.57
19831109,271
19831110,273.08
19831111,277.13
19831114,279.51
19831115,278.92
19831116,279.94
19831117,281.26
19831118,281.28
19831121,283.05
19831122,284.55
19831123,284.69
19831124,
19831125,285.49
19831128,284.47
19831129,285.62
19831130,285.67
19831201,286.07
19831202,283.91
19831205,282.49
19831206,282.05
19831207,282.15
19831208,280.57
19831209,280.51
19831212,279.94
19831213,278.92
19831214,276.42
19831215,275.35
19831216,276.01
19831219,275.58
19831220,274.51
19831221,275.63
19831222,276.21
19831223,276.54
19831226,
19831227,276.68
19831228,276.57
19831229,277.06
19831230,278.6
19840102,
19840103,277.63
19840104,280.97
19840105,284.45
19840106,287.9
19840109,287.27
19840110,287.63
19840111,287.68
19840112,287.63
19840113,286.85
19840116,286.29
19840117,286.86
19840118,287.21
19840119,286.49
19840120,284.41
19840123,280.2
19840124,278.82
19840125,277.35
19840126,275.61
19840127,273.18
19840130,269.23
19840131,268.43
19840201,266.43
19840202,266.16
19840203,264.01
19840206,258.64
19840207,257.81
19840208,253.96
19840209,251.69
19840210,254.04
19840213,250.57
19840214,252.43
19840215,252.73
19840216,251.84
19840217,251.33
19840220,
19840221,249.96
19840222,249.16
19840223,247.09
19840224,251.44
19840227,254.32
19840228,251.55
19840229,252.57
19840301,253.5
19840302,255.54
19840305,253.86
19840306,252.24
19840307,249.16
19840308,249.66
19840309,249.01
19840312,249.74
19840313,250.67
19840314,250.25
19840315,251.05
19840316,253.37
19840319,251.65
19840320,252.74
19840321,252.49
19840322,250.77
19840323,249.98
19840326,249.3
19840327,249.1
19840328,251.01
19840329,251.63
19840330,250.78
19840402,249.8
19840403,248.88
19840404,248.51
19840405,245.74
19840406,243.94
19840409,242.84
19840410,243.45
19840411,241.79
19840412,242.56
19840413,244.01
19840416,243.88
19840417,245.59
19840418,245.48
19840419,245.51
19840420,
19840423,243.93
19840424,244.06
19840425,243.9
19840426,245.93
19840427,246.9
19840430,247.44
19840501,250.26
19840502,253.01
19840503,252.55
19840504,250.89
19840507,251.35
19840508,252.42
19840509,252.6
19840510,252.91
19840511,250.57
19840514,248.87
19840515,249
19840516,248.68
19840517,246.12
19840518,244.61
19840521,243.15
19840522,240.8
19840523,239.58
19840524,235.39
19840525,235.23
19840528,
19840529,232.61
19840530,231.93
19840531,232.82
19840601,235.9
19840604,238.75
19840605,238.43
19840606,239.49
19840607,239.89
19840608,240.35
19840611,238.12
19840612,237.04
19840613,237.78
19840614,235.62
19840615,235.64
19840618,236.82
19840619,237.87
19840620,238.35
19840621,239.75
19840622,241.11
19840625,240.85
19840626,237.87
19840627,238.35
19840628,239.75
19840629,241.11
19840702,237.91
19840703,238.29
19840704,
19840705,237.83
19840706,236.72
19840709,236.99
19840710,236.25
19840711,234.82
19840712,234.22
19840713,234.67
19840716,233.69
19840717,233.5
19840718,232.23
19840719,230.89
19840720,229.37
19840723,227.06
19840724,225.73
19840725,225.3
19840726,227.06
19840727,229.3
19840730,228.95
19840731,229.7
19840801,233.35
19840802,238.87
19840803,246.24
19840806,249.27
19840807,249.09
19840808,248.02
19840809,250.33
19840810,252.43
19840813,251.35
19840814,250.63
19840815,249.7
19840816,250.33
19840817,250.37
19840820,250.22
19840821,253.33
19840822,253.86
19840823,254.12
19840824,254.78
19840827,253.29
19840828,254.37
19840829,254.81
19840830,254.56
19840831,254.64
19840903,
19840904,251.39
19840905,250.61
19840906,252.22
19840907,251.68
19840910,250.53
19840911,251.8
19840912,251.45
19840913,253.34
19840914,255.6
19840917,255.39
19840918,253.99
19840919,253.01
19840920,253.13
19840921,252.68
19840924,250.8
19840925,250.01
19840926,250.23
19840927,250.29
19840928,249.94
19841001,247.86
19841002,246.1
19841003,244.81
19841004,245.2
19841005,245.46
19841008,244.56
19841009,244.09
19841010,243.29
19841011,244.73
19841012,246.11
19841015,247.67
19841016,247.27
19841017,247.09
19841018,249.76
19841019,251.18
19841022,250.56
19841023,250.61
19841024,250.83
19841025,249
19841026,247.38
19841029,246.5
19841030,247.45
19841031,247.03
19841101,247.97
19841102,247.92
19841105,248.41
19841106,250.54
19841107,249.75
19841108,249.5
19841109,249.5
19841112,249.26
19841113,247.84
19841114,246.98
19841115,246.01
19841116,245.12
19841119,242.88
19841120,243.04
19841121,243.01
19841122,
19841123,245.45
19841126,244.9
19841127,245.41
19841128,245.04
19841129,243.3
19841130,242.53
19841203,240.9
19841204,240.96
19841205,238.78
19841206,239.07
19841207,238.94
19841210,238.5
19841211,238.79
19841212,238.67
19841213,238.08
19841214,239.04
19841217,238.46
19841218,243.44
19841219,244.88
19841220,244.49
19841221,244.28
19841224,245.82
19841225,
19841226,246.06
19841227,245.65
19841228,246.08
19841231,247.35
19850101,
19850102,245.91
19850103,246.41
19850104,246.19
19850107,246.04
19850108,246
19850109,247.34
19850110,249.46
19850111,252.16
19850114,255.46
19850115,257.78
19850116,260.24
19850117,261.16
19850118,263.05
19850121,266.41
19850122,268.42
19850123,270.72
19850124,272.34
19850125,274
19850128,275.03
19850129,276.17
19850130,278.58
19850131,278.7
19850201,278.43
19850204,280.77
19850205,282.72
19850206,284.46
19850207,287.2
19850208,288.35
19850211,287.43
19850212,286.57
19850213,288.32
19850214,288.35
19850215,287.72
19850218,
19850219,286.91
19850220,287.27
19850221,286.99
19850222,286.18
19850225,283.95
19850226,285
19850227,284.11
19850228,284.17
19850301,287.16
19850304,287.06
19850305,287.1
19850306,285.45
19850307,283.19
19850308,282.37
19850311,281.2
19850312,281.42
19850313,278.21
19850314,277.46
19850315,277.97
19850318,277.14
19850319,286.91
19850320,278.78
19850321,279.03
19850322,278.91
19850325,276.26
19850326,276.18
19850327,277.56
19850328,278.17
19850329,279.2
19850401,280.32
19850402,279.74
19850403,277.86
19850404,277.44
19850405,
19850408,276.45
19850409,276.63
19850410,278.76
19850411,280.12
19850412,280.63
19850415,281.07
19850416,282.28
19850417,283.33
19850418,283.11
19850419,282.81
19850422,281.82
19850423,282.57
19850424,283.07
19850425,283.97
19850426,284.14
19850429,282.11
19850430,280.56
19850501,279.63
19850502,279.01
19850503,280.31
19850506,279.85
19850507,280.89
19850508,281.07
19850509,283.27
19850510,287.46
19850513,288.14
19850514,287.72
19850515,288.33
19850516,289.75
19850517,291.7
19850520,294.48
19850521,293.94
19850522,293.03
19850523,291.15
19850524,292.14
19850527,
19850528,290.88
19850529,290.64
19850530,289.94
19850531,290.8
19850603,290.59
19850604,290.99
19850605,291.77
19850606,291.85
19850607,291.03
19850610,290.7
19850611,290.54
19850612,289.66
19850613,286.93
19850614,287.95
19850617,287.38
19850618,287.92
19850619,288.15
19850620,287.37
19850621,288.71
19850624,289.97
19850625,292.3
19850626,293.4
19850627,295.34
19850628,296.2
19850701,296.48
19850702,296.91
19850703,297.33
19850704,
19850705,298.58
19850708,297.8
19850709,297.15
19850710,298.51
19850711,300.52
19850712,302.39
19850715,303.04
19850716,305.17
19850717,307.77
19850718,306.88
19850719,307.76
19850722,306.83
19850723,306.23
19850724,303.71
19850725,304.44
19850726,304.62
19850729,300.94
19850730,300.59
19850731,301.29
19850801,304.01
19850802,304.53
19850805,302.14
19850806,300.21
19850807,298.2
19850808,298.72
19850809,299.14
19850812,298.31
19850813,297.02
19850814,297.64
19850815,297.61
19850816,296.46
19850819,295.63
19850820,296.36
19850821,297.65
19850822,296.85
19850823,296.68
19850826,296.29
19850827,295.98
19850828,296.99
19850829,297.31
19850830,297.71
19850902,
19850903,296.56
19850904,295.58
19850905,295.28
19850906,296.19
19850909,296.06
19850910,294.5
19850911,291.43
19850912,289.93
19850913,287.21
19850916,285.38
19850917,281.07
19850918,281.04
19850919,283.59
19850920,284.35
19850923,286.09
19850924,284.12
19850925,281.82
19850926,280.2
19850927,
19850930,280.33
19851001,281.77
19851002,281.15
19851003,281.41
19851004,280.46
19851007,278.3
19851008,276.95
19851009,278.28
19851010,279.41
19851011,281.75
19851014,284.25
19851015,284.97
19851016,286.68
19851017,288.25
19851018,288.38
19851021,287.71
19851022,288.54
19851023,289.81
19851024,290.58
19851025,289.49
19851028,289.18
19851029,291.12
19851030,292.26
19851031,292.54
19851101,294.11
19851104,294.23
19851105,295.25
19851106,296.74
19851107,297.47
19851108,300.02
19851111,302.31
19851112,304.41
19851113,303.85
19851114,305.21
19851115,306.17
19851118,306.1
19851119,306.85
19851120,307.01
19851121,309.27
19851122,310.8
19851125,309.79
19851126,310.5
19851127,313.01
19851128,
19851129,313.95
19851202,312.95
19851203,313.14
19851204,316.68
19851205,318.19
19851206,316.59
19851209,316.88
19851210,317.29
19851211,318.86
19851212,320.58
19851213,323.99
19851216,325.16
19851217,323.25
19851218,322.48
19851219,322.67
19851220,323.12
19851223,321.58
19851224,320.37
19851225,
19851226,320.29
19851227,322.75
19851230,323.13
19851231,324.93
19860101,
19860102,324.99
19860103,325.72
19860106,325.99
19860107,329.74
19860108,328.09
19860109,323.01
19860110,324.14
19860113,324.19
19860114,324.79
19860115,328.19
19860116,330.01
19860117,330.72
19860120,329.51
19860121,328.52
19860122,326.76
19860123,326.69
19860124,328.85
19860127,330.1
19860128,332.64
19860129,334.72
19860130,334.32
19860131,335.77
19860203,337.5
19860204,337.88
19860205,338.85
19860206,340.76
19860207,342.2
19860210,344.04
19860211,344.91
19860212,346.27
19860213,347.88
19860214,350.21
19860217,
19860218,352.36
19860219,352.09
19860220,353.11
19860221,355.65
19860224,355.49
19860225,354.88
19860226,355.27
19860227,358.06
19860228,359.53
19860303,359.78
19860304,361.01
19860305,359.84
19860306,361.5
19860307,362.24
19860310,363.93
19860311,367.36
19860312,369.69
19860313,370.35
19860314,371.83
19860317,370.01
19860318,371.52
19860319,371.69
19860320,372.71
19860321,372.59
19860324,370.67
19860325,369.28
19860326,370.6
19860327,373.31
19860328,
19860331,374.72
19860401,374.15
19860402,374.13
19860403,374.51
19860404,372.23
19860407,369.07
19860408,373.09
19860409,374.16
19860410,377.17
19860411,378.91
19860414,380.84
19860415,381.71
19860416,387.64
19860417,389.96
19860418,390.06
19860421,391.04
19860422,390.48
19860423,389.05
19860424,391.52
19860425,392.34
19860428,391.43
19860429,389.18
19860430,383.24
19860501,381.67
19860502,383.18
19860505,386
19860506,386.28
19860507,385.33
19860508,387.4
19860509,389.1
19860512,388.07
19860513,386.66
19860514,387.34
19860515,385.75
19860516,384.67
19860519,383.74
19860520,385.28
19860521,386.05
19860522,389.62
19860523,391.91
19860526,
19860527,394.89
19860528,397.16
19860529,397.97
19860530,400.16
19860602,399.35
19860603,399.48
19860604,399.05
19860605,400.03
19860606,400.25
19860609,394.73
19860610,392.83
19860611,395.44
19860612,396.53
19860613,399.59
19860616,398.54
19860617,396.28
19860618,395.24
19860619,396.4
19860620,396.88
19860623,396.83
19860624,398.92
19860625,402.22
19860626,402.87
19860627,403.53
19860630,405.51
19860701,407.61
19860702,409.48
19860703,411.16
19860704,
19860707,400.96
19860708,390.65
19860709,393.39
19860710,392.03
19860711,391.55
19860714,384.8
19860715,378.7
19860716,379.73
19860717,381.59
19860718,381.07
19860721,379.46
19860722,379.87
19860723,379.85
19860724,378.74
19860725,379.83
19860728,374.78
19860729,372.03
19860730,370.83
19860731,371.37
19860801,370.66
19860804,366.66
19860805,366.75
19860806,364.73
19860807,365.05
19860808,365.87
19860811,369.94
19860812,373.29
19860813,376.92
19860814,379.52
19860815,380.18
19860818,379.27
19860819,378.82
19860820,380.93
19860821,381.15
19860822,381.52
19860825,379.26
19860826,380.49
19860827,381.69
19860828,382.4
19860829,382.86
19860901,
19860902,380.14
19860903,378.88
19860904,381.03
19860905,378.36
19860908,372.78
19860909,369.55
19860910,366.8
19860911,353.34
19860912,346.78
19860915,345.86
19860916,343.67
19860917,346.9
19860918,348.6
19860919,349.43
19860922,352.55
19860923,353.37
19860924,354.52
19860925,351.49
19860926,351.61
19860929,347.83
19860930,350.67
19861001,352.34
19861002,352.59
19861003,352.75
19861006,353.2
19861007,352.38
19861008,352.9
19861009,353.06
19861010,353.53
19861013,354.05
19861014,353.77
19861015,355.65
19861016,356.37
19861017,355.72
19861020,353.51
19861021,353.1
19861022,353.92
19861023,356.2
19861024,356.66
19861027,356.58
19861028,357.2
19861029,358.45
19861030,361.05
19861031,360.77
19861103,361.14
19861104,361.89
19861105,362.08
19861106,361.23
19861107,360.99
19861110,359.98
19861111,361.31
19861112,361.19
19861113,358
19861114,358.59
19861117,357.07
19861118,352.62
19861119,349.8
19861120,352.19
19861121,354.65
19861124,356.1
19861125,356.95
19861126,358.15
19861127,
19861128,359.57
19861201,357.87
19861202,360.71
19861203,363.04
19861204,364.07
19861205,362.96
19861208,361.01
19861209,359.03
19861210,359.05
19861211,357.73
19861212,355.93
19861215,353.32
19861216,353.77
19861217,352.29
19861218,351.38
19861219,352.24
19861222,351.3
19861223,348.76
19861224,349.62
19861225,
19861226,350.01
19861229,348.03
19861230,347.32
19861231,348.83
19870101,
19870102,353.26
19870105,361.19
19870106,366.02
19870107,372.49
19870108,377.54
19870109,380.65
19870112,385.46
19870113,386.4
19870114,389.95
19870115,392.57
19870116,389.87
19870119,392.59
19870120,392.06
19870121,389.55
19870122,393.17
19870123,392.19
19870126,387.98
19870127,390.75
19870128,392.04
19870129,390.98
19870130,392.06
19870202,397.18
19870203,399.38
19870204,403.12
19870205,405.7
19870206,406.91
19870209,405.78
19870210,403.5
19870211,408.25
19870212,409.18
19870213,412.48
19870216,
19870217,418.18
19870218,417.09
19870219,417.03
19870220,417.24
19870223,415.22
19870224,417.39
19870225,421.01
19870226,422.93
19870227,424.97
19870302,423.91
19870303,423.56
19870304,426.74
19870305,429
19870306,429.45
19870309,426.79
19870310,429.39
19870311,431.43
19870312,432.48
19870313,431.97
19870316,430.86
19870317,434.79
19870318,435.16
19870319,437
19870320,439.64
19870323,438.04
19870324,438.13
19870325,437.48
19870326,438.71
19870327,436.85
19870330,427.07
19870331,430.05
19870401,428.34
19870402,432.07
19870403,437.36
19870406,437.78
19870407,434.01
19870408,434.91
19870409,431.99
19870410,430.93
19870413,423.71
19870414,413.2
19870415,416.32
19870416,419.46
19870417,
19870420,417.73
19870421,418.56
19870422,418.16
19870423,417.43
19870424,412.62
19870427,409.67
19870428,411.94
19870429,414.2
19870430,417.81
19870501,418.44
19870504,418.45
19870505,422.43
19870506,422.38
19870507,422.63
19870508,423.17
19870511,422.16
19870512,420.53
19870513,421.91
19870514,422.65
19870515,418.88
19870518,413.54
19870519,408.15
19870520,406.57
19870521,408.47
19870522,407.4
19870525,
19870526,411.44
19870527,412.59
19870528,414.35
19870529,416.54
19870601,415.01
19870602,413.6
19870603,415.9
19870604,417.41
19870605,417.82
19870608,419.41
19870609,421.67
19870610,422.81
19870611,423.37
19870612,425.38
19870615,425.39
19870616,427.53
19870617,428.44
19870618,428.97
19870619,429.08
19870622,429.25
19870623,427.98
19870624,427.26
19870625,427.2
19870626,426.68
19870629,426.48
19870630,424.67
19870701,424.46
19870702,425.88
19870703,
19870706,425.1
19870707,424.55
19870708,424.93
19870709,425.58
19870710,426
19870713,426.53
19870714,431.14
19870715,431.21
19870716,433.21
19870717,434.08
19870720,431.51
19870721,429.37
19870722,429.3
19870723,427.63
19870724,429.13
19870727,428.87
19870728,429.97
19870729,431.2
19870730,433.57
19870731,434.93
19870803,433.13
19870804,432.77
19870805,436.26
19870806,440.8
19870807,443.58
19870810,446.27
19870811,449.36
19870812,449.23
19870813,451.55
19870814,451.61
19870817,451.65
19870818,446.76
19870819,447.95
19870820,452.75
19870821,455.2
19870824,453.8
19870825,455.1
19870826,455.26
19870827,454.79
19870828,453.29
19870831,454.97
19870901,452.5
19870902,448.93
19870903,448.36
19870904,446.48
19870907,
19870908,437.6
19870909,439.19
19870910,443.48
19870911,446.17
19870914,445.49
19870915,441.94
19870916,440.85
19870917,440.75
19870918,440.86
19870921,436.01
19870922,437.9
19870923,440.7
19870924,441.24
19870925,441.88
19870928,442.29
19870929,441.86
19870930,444.29
19871001,448.45
19871002,451.61
19871005,453.63
19871006,447.51
19871007,444.64
19871008,440.03
19871009,438.43
19871012,433.04
19871013,434.81
19871014,428.28
19871015,422.51
19871016,406.33
19871019,360.21
19871020,327.79
19871021,351.86
19871022,336.13
19871023,328.45
19871026,298.9
19871027,296.34
19871028,291.88
19871029,307.05
19871030,323.3
19871102,328.33
19871103,320.66
19871104,320.13
19871105,326.18
19871106,326.39
19871109,320.43
19871110,315.19
19871111,317.8
19871112,324
19871113,322.97
19871116,322.37
19871117,316.75
19871118,318.22
19871119,313.93
19871120,312.49
19871123,313.13
19871124,316.68
19871125,317.78
19871126,
19871127,316.47
19871130,305.16
19871201,305.24
19871202,305.22
19871203,298.75
19871204,292.92
19871207,294.77
19871208,297.96
19871209,301.95
19871210,300.81
19871211,302.57
19871214,309.36
19871215,312.68
19871216,319.25
19871217,319.51
19871218,326.91
19871221,328.67
19871222,327.3
19871223,331.48
19871224,333.19
19871225,
19871228,325.6
19871229,325.53
19871230,329.7
19871231,330.47
19880101,
19880104,338.48
19880105,344.07
19880106,346.72
19880107,349.66
19880108,338.47
19880111,336.2
19880112,331.97
19880113,332.68
19880114,334.23
19880115,340.14
19880118,340.53
19880119,340.36
19880120,333.68
19880121,334.25
19880122,337.59
19880125,340.51
19880126,339.22
19880127,339.8
19880128,342.36
19880129,344.66
19880201,346.2
19880202,347.19
19880203,343.71
19880204,344.66
19880205,345.75
19880208,344.52
19880209,344.97
19880210,349.32
19880211,351.04
19880212,353.27
19880215,
19880216,354.74
19880217,355.28
19880218,355.63
19880219,357.12
19880222,359.98
19880223,361.08
19880224,363.14
19880225,363.62
19880226,363.4
19880229,366.94
19880301,367.32
19880302,370.38
19880303,372.01
19880304,373.37
19880307,374.54
19880308,376.93
19880309,380.28
19880310,376.76
19880311,375.48
19880314,376.67
19880315,376.57
19880316,378.54
19880317,380.7
19880318,381.58
19880321,378.57
19880322,379.76
19880323,380.09
19880324,375.6
19880325,372.54
19880328,370.42
19880329,372.96
19880330,371.78
19880331,374.64
19880401,
19880404,371.89
19880405,373.41
19880406,377.74
19880407,378.88
19880408,381.83
19880411,382.52
19880412,383.38
19880413,383.41
19880414,374.52
19880415,373.9
19880418,375.11
19880419,376.86
19880420,374.24
19880421,373.2
19880422,374.04
19880425,375.27
19880426,377.84
19880427,378.67
19880428,378.77
19880429,379.23
19880502,379.74
19880503,382.23
19880504,381.62
19880505,379.51
19880506,379.42
19880509,376.27
19880510,375.43
19880511,369.24
19880512,370.23
19880513,372.48
19880516,373.35
19880517,372.27
19880518,366.99
19880519,366.25
19880520,366.03
19880523,363.26
19880524,365.16
19880525,365.73
19880526,367.29
19880527,366.66
19880530,
19880531,370.34
19880601,374.81
19880602,374.65
19880603,376.86
19880606,379.35
19880607,379.32
19880608,383.41
19880609,384.6
19880610,386.25
19880613,386.81
19880614,388.53
19880615,389.08
19880616,387.1
19880617,386.92
19880620,385.99
19880621,387.75
19880622,390.53
19880623,391.03
19880624,391.62
19880627,389
19880628,391.67
19880629,391.66
19880630,394.66
19880701,394.69
19880704,
19880705,396.11
19880706,395.45
19880707,395.43
19880708,394.33
19880711,394.15
19880712,393.52
19880713,393.56
19880714,394.67
19880715,394.59
19880718,394.77
19880719,391.28
19880720,391.63
19880721,388.86
19880722,387.35
19880725,387.12
19880726,385.79
19880727,383.32
19880728,384.08
19880729,387.33
19880801,388
19880802,387.8
19880803,388.52
19880804,388.86
19880805,387.71
19880808,387.66
19880809,384.23
19880810,378.51
19880811,379.11
19880812,378.95
19880815,374.07
19880816,375.66
19880817,376.22
19880818,377.22
19880819,377.42
19880822,373.73
19880823,373.53
19880824,376.03
19880825,374.04
19880826,374.43
19880829,376.21
19880830,376.49
19880831,376.55
19880901,372.96
19880902,376.51
19880905,
19880906,377.33
19880907,377.96
19880908,379.73
19880909,381.6
19880912,382.07
19880913,382.38
19880914,383.85
19880915,382.7
19880916,383.91
19880919,383.44
19880920,384.1
19880921,384.91
19880922,384.86
19880923,384.97
19880926,382.75
19880927,382.22
19880928,383.28
19880929,386.05
19880930,387.71
19881003,384.48
19881004,384.2
19881005,384.52
19881006,385.15
19881007,385.67
19881010,385.49
19881011,385.28
19881012,382.55
19881013,383.46
19881014,384.59
19881017,385.01
19881018,386.25
19881019,385.76
19881020,388.62
19881021,388.59
19881024,387.23
19881025,386.12
19881026,385.19
19881027,381.77
19881028,382.79
19881031,382.46
19881101,382.35
19881102,381.78
19881103,382.77
19881104,381.02
19881107,376.51
19881108,378.84
19881109,377.74
19881110,378.4
19881111,373.76
19881114,372.36
19881115,372.13
19881116,367.79
19881117,367.43
19881118,367.58
19881121,365.07
19881122,365.36
19881123,367.76
19881124,
19881125,366.38
19881128,366.09
19881129,368.15
19881130,371.45
19881201,373.87
19881202,373.91
19881205,375.41
19881206,377
19881207,376.36
19881208,375.22
19881209,375.2
19881212,374.2
19881213,372.98
19881214,372.77
19881215,373.01
19881216,375.8
19881219,376.39
19881220,376.05
19881221,375.6
19881222,376.5
19881223,377.34
19881226,
19881227,376.64
19881228,376.76
19881229,379.05
19881230,381.38
19890102,
19890103,378.56
19890104,382.76
19890105,383.79
19890106,384.74
19890109,385.28
19890110,384.59
19890111,385.31
19890112,387.01
19890113,387.09
19890116,387.36
19890117,386.05
19890118,388.88
19890119,391.08
19890120,391.66
19890123,389.99
19890124,391.99
19890125,394.03
19890126,397.09
19890127,397.96
19890130,399.22
19890131,401.3
19890201,403.23
19890202,405.16
19890203,406.35
19890206,406
19890207,409.19
19890208,407.97
19890209,406.39
19890210,402.37
19890213,401.27
19890214,402.02
19890215,404.17
19890216,405.7
19890217,407.19
19890220,
19890221,406.38
19890222,402.49
19890223,403.07
19890224,399.96
19890227,398.94
19890228,399.71
19890301,399.8
19890302,402.53
19890303,403.99
19890306,406.26
19890307,406.18
19890308,406.4
19890309,405.67
19890310,405.9
19890313,406.56
19890314,406.01
19890315,406.98
19890316,409.51
19890317,402.19
19890320,398.5
19890321,401.77
19890322,400.57
19890323,400.94
19890324,
19890327,400.56
19890328,402.6
19890329,403.7
19890330,404.56
19890331,406.73
19890403,407.65
19890404,407.18
19890405,408.3
19890406,408.2
19890407,410.71
19890410,411.14
19890411,413.54
19890412,415.68
19890413,413.86
19890414,417.68
19890417,417.76
19890418,420.72
19890419,421.91
19890420,421.51
19890421,423.76
19890424,423.18
19890425,422.71
19890426,423.38
19890427,426.18
19890428,427.55
19890501,427.47
19890502,428.03
19890503,428.84
19890504,429.23
19890505,430.74
19890508,429.32
19890509,428.97
19890510,429.64
19890511,430.63
19890512,434.83
19890515,436.21
19890516,435.66
19890517,438.52
19890518,439.81
19890519,442.05
19890522,441.78
19890523,440.15
19890524,441.49
19890525,442.89
19890526,445.21
19890529,
19890530,444.21
19890531,446.17
19890601,448.32
19890602,451.63
19890605,447.84
19890606,447.96
19890607,452.2
19890608,453.99
19890609,453.65
19890612,453.39
19890613,450.73
19890614,450.64
19890615,447.1
19890616,447.21
19890619,446.09
19890620,444.58
19890621,443.86
19890622,445.33
19890623,448.36
19890626,447.29
19890627,448.55
19890628,444.9
19890629,437.91
19890630,435.29
19890703,436
19890704,
19890705,436.94
19890706,439.57
19890707,442.42
19890710,442.69
19890711,444.5
19890712,446.81
19890713,447.89
19890714,448.9
19890717,449.88
19890718,447.86
19890719,451.23
19890720,449.24
19890721,449.29
19890724,445.98
19890725,446.47
19890726,449.12
19890727,452.48
19890728,452.82
19890731,453.84
19890801,453.29
19890802,454.08
19890803,456.93
19890804,457.42
19890807,461.73
19890808,463.3
19890809,462.41
19890810,463.55
19890811,462.48
19890814,459.99
19890815,460.91
19890816,460.79
19890817,460.83
19890818,461.97
19890821,458.33
19890822,458.36
19890823,461.68
19890824,465.88
19890825,466.75
19890828,467.19
19890829,466.57
19890830,468.27
19890831,469.33
19890901,471.34
19890904,
19890905,471.42
19890906,469.25
19890907,469.68
19890908,471.31
19890911,470.42
19890912,471.86
19890913,471.83
19890914,468.78
19890915,467.57
19890918,466.89
19890919,467.05
19890920,466.72
19890921,467
19890922,468.07
19890925,466.71
19890926,467.84
19890927,467.77
19890928,471.14
19890929,472.92
19891002,475.19
19891003,477.28
19891004,479.32
19891005,480.66
19891006,483.64
19891009,485.73
19891010,484.14
19891011,482.16
19891012,482.19
19891013,467.29
19891016,460.98
19891017,459.93
19891018,463.28
19891019,470.8
19891020,470.67
19891023,467.22
19891024,461.7
19891025,462.89
19891026,458.15
19891027,452.76
19891030,451.37
19891031,455.63
19891101,456.64
19891102,453.14
19891103,452.97
19891106,448.02
19891107,449.4
19891108,454.05
19891109,454.07
19891110,456.19
19891113,455.94
19891114,454.03
19891115,455.84
19891116,455.28
19891117,456.72
19891120,455.71
19891121,454.14
19891122,455.14
19891123,
19891124,456.63
19891127,456.17
19891128,456.66
19891129,455.81
19891130,456.09
19891201,457.1
19891204,458.28
19891205,458.55
19891206,456.67
19891207,456.31
19891208,456.22
19891211,452.42
19891212,450.43
19891213,451.14
19891214,447.48
19891215,443.84
19891218,436.03
19891219,434.35
19891220,436.94
19891221,441.09
19891222,444.57
19891225,
19891226,445.26
19891227,448.81
19891228,449.98
19891229,454.82
19900101,
19900102,459.33
19900103,460.9
19900104,459.39
19900105,458.22
19900108,458.71
19900109,456.77
19900110,450.7
19900111,448.86
19900112,439.72
19900115,436.64
19900116,440.16
19900117,438.68
19900118,437.52
19900119,440.88
19900122,431.94
19900123,430.42
19900124,425.66
19900125,425.24
19900126,421.33
19900129,418.11
19900130,410.72
19900131,415.81
19900201,417.76
19900202,422.21
19900205,424.73
19900206,423.99
19900207,426.79
19900208,427.32
19900209,428.84
19900212,426.38
19900213,425.75
19900214,426.56
19900215,429.61
19900216,429.01
19900219,
19900220,423.83
19900221,421.52
19900222,422.75
19900223,419.52
19900226,420.95
19900227,422.61
19900228,425.83
19900301,427.21
19900302,431.02
19900305,430.15
19900306,432.33
19900307,432.47
19900308,436.5
19900309,436.76
19900312,436.56
19900313,434.58
19900314,436.15
19900315,438.06
19900316,442.16
19900319,442.91
19900320,440.08
19900321,439.3
19900322,434.51
19900323,437.25
19900326,438.84
19900327,439.5
19900328,436.69
19900329,435.42
19900330,435.54
19900402,433.18
19900403,437.65
19900404,435.42
19900405,433.42
19900406,430.9
19900409,430.18
19900410,431.9
19900411,433.53
19900412,436.31
19900413,
19900416,436.7
19900417,435.42
19900418,431.52
19900419,429
19900420,425.79
19900423,420.08
19900424,419.19
19900425,420.56
19900426,421.06
19900427,417.98
19900430,420.07
19900501,421.85
19900502,423.58
19900503,425.44
19900504,428.61
19900507,431.23
19900508,431.84
19900509,431.34
19900510,433.2
19900511,438.1
19900514,441.61
19900515,442.5
19900516,442.93
19900517,445.74
19900518,448.31
19900521,452.89
19900522,453.89
19900523,456.87
19900524,458.29
19900525,453.69
19900528,
19900529,457.51
19900530,458.77
19900531,458.97
19900601,462.13
19900604,465.61
19900605,464.61
19900606,464.96
19900607,464.09
19900608,460.87
19900611,462.79
19900612,466.56
19900613,468.86
19900614,467.1
19900615,467.55
19900618,460.79
19900619,460.53
19900620,460.8
19900621,461.27
19900622,459.33
19900625,455.64
19900626,455.38
19900627,456.89
19900628,460.38
19900629,462.29
19900702,462.04
19900703,461.76
19900704,
19900705,459.19
19900706,460.53
19900709,461.68
19900710,460.97
19900711,463.9
19900712,467.17
19900713,468.44
19900716,469.6
19900717,464.48
19900718,460.82
19900719,458.17
19900720,455.27
19900723,444.64
19900724,442.56
19900725,445.45
19900726,445.43
19900727,442.59
19900730,439.38
19900731,438.24
19900801,435.91
19900802,428.89
19900803,417.46
19900806,400.04
19900807,402.08
19900808,407.73
19900809,412.98
19900810,408.03
19900813,408.3
19900814,410.33
19900815,411.45
19900816,402.27
19900817,393.49
19900820,388.59
19900821,379.68
19900822,374.84
19900823,360.22
19900824,367.33
19900827,381.27
19900828,382.86
19900829,381.78
19900830,378.68
19900831,381.21
19900903,
19900904,381.67
19900905,382.44
19900906,378.78
19900907,380.38
19900910,381.73
19900911,379.49
19900912,380.32
19900913,376.18
19900914,374.42
19900917,374.11
19900918,372.21
19900919,371.68
19900920,364.43
19900921,362.25
19900924,352.16
19900925,354.78
19900926,350.03
19900927,341.19
19900928,344.51
19901001,354.65
19901002,356.39
19901003,351.45
19901004,349.89
19901005,347.36
19901008,348.14
19901009,339.11
19901010,333.25
19901011,325.61
19901012,327.55
19901015,329.54
19901016,325.44
19901017,326.78
19901018,334.03
19901019,337.36
19901022,341.12
19901023,341.09
19901024,340.98
19901025,339.74
19901026,334.36
19901029,330.8
19901030,329.83
19901031,329.84
19901101,330.6
19901102,336.45
19901105,340.76
19901106,340.53
19901107,336.8
19901108,336.37
19901109,341.95
19901112,351.46
19901113,352.87
19901114,356.87
19901115,354.46
19901116,350.85
19901119,352.73
19901120,348.29
19901121,348.77
19901122,
19901123,349.04
19901126,348.86
19901127,354.05
19901128,355.06
19901129,355.75
19901130,359.06
19901203,361.32
19901204,364.11
19901205,370.87
19901206,372.29
19901207,371.54
19901210,371.47
19901211,367.99
19901212,370.42
19901213,371.5
19901214,368.83
19901217,365.72
19901218,370.17
19901219,371.22
19901220,372.3
19901221,373.6
19901224,372.41
19901225,
19901226,372.4
19901227,371.05
19901228,371.2
19901231,373.84
19910101,
19910102,372.19
19910103,367.51
19910104,367.24
19910107,360.24
19910108,359
19910109,357.45
19910110,361.92
19910111,361.8
19910114,355.75
19910115,357.3
19910116,365.2
19910117,375.81
19910118,376.99
19910121,379.7
19910122,379.03
19910123,383.91
19910124,391.33
19910125,394.28
19910128,396.8
19910129,400.61
19910130,408.53
19910131,414.2
19910201,417.69
19910204,424.8
19910205,432.2
19910206,439.24
19910207,435.01
19910208,436.8
19910211,444.1
19910212,443.98
19910213,447.97
19910214,444.31
19910215,448.71
19910218,
19910219,450.32
19910220,446.02
19910221,446.38
19910222,448.95
19910225,451.09
19910226,447.71
19910227,450.82
19910228,453.05
19910301,456.73
19910304,461.13
19910305,473.05
19910306,473.8
19910307,475.74
19910308,475.11
19910311,467.15
19910312,461.4
19910313,468.18
19910314,467.79
19910315,466.29
19910318,466.27
19910319,462.81
19910320,466.09
19910321,464.6
19910322,464.15
19910325,468.49
19910326,478.57
19910327,482.37
19910328,482.3
19910329,
19910401,480.86
19910402,491.2
19910403,495.05
19910404,497.57
19910405,495.79
19910408,495.65
19910409,492.46
19910410,490.76
19910411,499.31
19910412,501.62
19910415,500.84
19910416,506.75
19910417,511.31
19910418,506.62
19910419,501.19
19910422,494.38
19910423,496.08
19910424,498.45
19910425,496.03
19910426,494.64
19910429,487.74
19910430,484.72
19910501,487.85
19910502,491.13
19910503,492.1
19910506,491.48
19910507,491.51
19910508,492.51
19910509,497.81
19910510,493.42
19910513,493.93
19910514,488.79
19910515,478.08
19910516,481.77
19910517,481.38
19910520,480.1
19910521,483.6
19910522,487.29
19910523,489.6
19910524,492.67
19910527,
19910528,497.17
19910529,499.05
19910530,503.19
19910531,506.11
19910603,507.1
19910604,507.25
19910605,505.2
19910606,502.94
19910607,498.54
19910610,495.85
19910611,496.62
19910612,491.05
19910613,491.14
19910614,495.07
19910617,494.32
19910618,491.59
19910619,485.36
19910620,485.88
19910621,485.82
19910624,475.23
19910625,473.3
19910626,473.08
19910627,476.24
19910628,475.92
19910701,481.31
19910702,478.78
19910703,474.32
19910704,
19910705,474.05
19910708,479.51
19910709,483.64
19910710,487.17
19910711,488.37
19910712,492.71
19910715,496.19
19910716,493.6
19910717,493.42
19910718,496.8
19910719,497.55
19910722,494.99
19910723,489.65
19910724,487.42
19910725,490.28
19910726,492.69
19910729,493.35
19910730,498.27
19910731,502.04
19910801,504.15
19910802,505.67
19910805,502.61
19910806,505.2
19910807,507.46
19910808,509.39
19910809,508.31
19910812,510
19910813,514.4
19910814,517.68
19910815,515.67
19910816,512.47
19910819,497.64
19910820,502.05
19910821,517.97
19910822,518.3
19910823,521.06
19910826,521.38
19910827,521.75
19910828,526.29
19910829,526.39
19910830,525.68
19910902,
19910903,520.91
19910904,517.92
19910905,516.93
19910906,516.94
19910909,518.07
19910910,511.28
19910911,514.76
19910912,521.13
19910913,516.71
19910916,515.68
19910917,515.17
19910918,518.55
19910919,522.67
19910920,527.19
19910923,524.69
19910924,526.47
19910925,527.82
19910926,526.94
19910927,524.48
19910930,526.88
19911001,528.51
19911002,526.33
19911003,520.51
19911004,520.4
19911007,516.2
19911008,517.25
19911009,513.81
19911010,515.94
19911011,519.05
19911014,525.66
19911015,534.11
19911016,540.94
19911017,536.27
19911018,538.9
19911021,536.96
19911022,537.14
19911023,535.17
19911024,528.75
19911025,525.13
19911028,529.41
19911029,534.51
19911030,541.32
19911031,542.98
19911101,540.93
19911104,537.5
19911105,538.82
19911106,539.48
19911107,545.28
19911108,548.08
19911111,550.71
19911112,555.68
19911113,556.17
19911114,554.84
19911115,531.28
19911118,534.73
19911119,523.47
19911120,526.12
19911121,530.33
19911122,526.46
19911125,522.88
19911126,522.23
19911127,522.78
19911128,
19911129,523.9
19911202,530.91
19911203,533.34
19911204,535.28
19911205,534.03
19911206,536.3
19911209,535.35
19911210,534.23
19911211,531.64
19911212,536.02
19911213,540.9
19911216,543.73
19911217,539.7
19911218,539.84
19911219,534.53
19911220,535.76
19911223,543.9
19911224,549.56
19911225,
19911226,559.3
19911227,565.71
19911230,579.75
19911231,586.34
19920101,
19920102,586.45
19920103,592.65
19920106,597.9
19920107,602.29
19920108,610.32
19920109,619.8
19920110,615.7
19920113,617.63
19920114,625.75
19920115,630.82
19920116,627.34
19920117,626.85
19920120,619.38
19920121,604.87
19920122,620.68
19920123,622.86
19920124,624.68
19920127,621
19920128,621.29
19920129,616.31
19920130,621.37
19920131,620.21
19920203,623.43
19920204,631
19920205,636.97
19920206,637.67
19920207,634.95
19920210,634.13
19920211,633.37
19920212,644.92
19920213,639.1
19920214,636.43
19920217,
19920218,626.41
19920219,622.41
19920220,632.23
19920221,629.75
19920224,624.93
19920225,621.4
19920226,632.4
19920227,633.95
19920228,633.47
19920302,635.47
19920303,634.25
19920304,630.29
19920305,621.97
19920306,615.95
19920309,615.82
19920310,623.46
19920311,617.14
19920312,615.92
19920313,618.62
19920316,617.94
19920317,623.27
19920318,624.94
19920319,625.96
19920320,624.28
19920323,621.83
19920324,618.68
19920325,619.48
19920326,615.4
19920327,604.67
19920330,602.07
19920331,603.77
19920401,602.09
19920402,593.82
19920403,590.01
19920406,596.29
19920407,581.61
19920408,573.68
19920409,586.75
19920410,584.24
19920413,588.15
19920414,594.81
19920415,600.03
19920416,591.81
19920417,
19920420,577.2
19920421,575.05
19920422,578.23
19920423,576.05
19920424,572.89
19920427,566.94
19920428,560.33
19920429,569.94
19920430,578.68
19920501,578.14
19920504,583.54
19920505,588.07
19920506,589.36
19920507,587.16
19920508,585.76
19920511,587.13
19920512,583.96
19920513,582.38
19920514,576.46
19920515,574.43
19920518,576.53
19920519,578.05
19920520,580.29
19920521,579.1
19920522,580.3
19920525,
19920526,575.65
19920527,577.35
19920528,580.49
19920529,585.31
19920601,588.37
19920602,589.18
19920603,589.93
19920604,588.26
19920605,585.43
19920608,582.01
19920609,573.8
19920610,569.71
19920611,567.68
19920612,569.52
19920615,569.01
19920616,564.07
19920617,553.24
19920618,549.17
19920619,554.2
19920622,549.72
19920623,553.36
19920624,551.39
19920625,548.2
19920626,547.84
19920629,558.8
19920630,563.6
19920701,568.99
19920702,563.35
19920703,
19920706,563.17
19920707,557.41
19920708,557.57
19920709,564.75
19920710,567.8
19920713,570.22
19920714,575.21
19920715,575.47
19920716,576.19
19920717,570.52
19920720,564.28
19920721,568.63
19920722,563.88
19920723,565.24
19920724,565.61
19920727,564.73
19920728,571.63
19920729,577.49
19920730,578.8
19920731,580.83
19920803,582.36
19920804,581.32
19920805,576.87
19920806,574.02
19920807,573.74
19920810,573.14
19920811,571.6
19920812,570.85
19920813,570.99
19920814,573.18
19920817,572.47
19920818,570.87
19920819,567.61
19920820,567.86
19920821,563.7
19920824,555.39
19920825,554.22
19920826,558.8
19920827,563.27
19920828,563.56
19920831,563.12
19920901,565.61
19920902,571.25
19920903,574.88
19920904,573.44
19920907,
19920908,571.17
19920909,574.89
19920910,581.24
19920911,583.01
19920914,594.21
19920915,587.86
19920916,585.89
19920917,587.82
19920918,589.12
19920921,588.58
19920922,583
19920923,582.96
19920924,585.93
19920925,577.2
19920928,575.34
19920929,577.63
19920930,583.27
19921001,578.33
19921002,571.63
19921005,565.21
19921006,570.55
19921007,569.2
19921008,573.88
19921009,570.52
19921012,573.84
19921013,576.44
19921014,576.22
19921015,578.64
19921016,582.61
19921019,590.67
19921020,592.7
19921021,597.15
19921022,597.12
19921023,597.3
19921026,598.92
19921027,596.95
19921028,601.39
19921029,605.82
19921030,605.17
19921102,607.57
19921103,604.58
19921104,605.52
19921105,614.08
19921106,616.82
19921109,622.05
19921110,627.76
19921111,634.92
19921112,634.37
19921113,637.16
19921116,634.01
19921117,627.07
19921118,634.86
19921119,638.57
19921120,642.6
19921123,638.84
19921124,645.94
19921125,648.33
19921126,
19921127,649.49
19921130,652.73
19921201,653.95
19921202,652.91
19921203,656.36
19921204,661.6
19921207,666.53
19921208,667.12
19921209,663.92
19921210,658.93
19921211,655.79
19921214,654.73
19921215,650.75
19921216,649.63
19921217,658.46
19921218,661.29
19921221,662.46
19921222,660.84
19921223,662.96
19921224,665.88
19921225,
19921228,666.25
19921229,669.01
19921230,671.85
19921231,676.95
19930101,
19930104,671.8
19930105,674.34
19930106,681.85
19930107,678.21
19930108,677.21
19930111,682.4
19930112,679.45
19930113,686.78
19930114,695.7
19930115,697.15
19930118,698.13
19930119,696.81
19930120,697.44
19930121,700.77
19930122,701.63
19930125,706.95
19930126,707.16
19930127,697.9
19930128,694.67
19930129,696.34
19930201,701.77
19930202,705.12
19930203,708.67
19930204,708.85
19930205,700.98
19930208,698.44
19930209,692.21
19930210,695.02
19930211,695.88
19930212,690.54
19930215,
19930216,665.39
19930217,659.43
19930218,662.45
19930219,663.61
19930222,652.42
19930223,651.56
19930224,662.46
19930225,667.07
19930226,670.77
19930301,669.51
19930302,677.72
19930303,683.92
19930304,680.73
19930305,681.37
19930308,687.23
19930309,688.96
19930310,692.87
19930311,694.28
19930312,692.78
19930315,695.21
19930316,695.47
19930317,687.4
19930318,687.41
19930319,682.72
19930322,676.62
19930323,675.04
19930324,674.36
19930325,681.01
19930326,681.54
19930329,680.76
19930330,686.25
19930331,690.13
19930401,686.64
19930402,669.85
19930405,670.71
19930406,664.14
19930407,668.88
19930408,666.33
19930409,
19930412,673.12
19930413,673.83
19930414,673.94
19930415,670.32
19930416,666.78
19930419,663.03
19930420,661.97
19930421,664.04
19930422,663.51
19930423,658.41
19930426,645.87
19930427,652.52
19930428,658.16
19930429,658.45
19930430,661.42
19930503,666.71
19930504,678.16
19930505,683.26
19930506,680.04
19930507,681.44
19930510,682.82
19930511,683.06
19930512,681.69
19930513,675.64
19930514,676.37
19930517,677.96
19930518,680.78
19930519,690.43
19930520,697.43
19930521,694.29
19930524,694.69
19930525,695.04
19930526,704.09
19930527,704.59
19930528,700.53
19930531,
19930601,704.28
19930602,705.86
19930603,706.22
19930604,702.01
19930607,694.61
19930608,687.74
19930609,689.24
19930610,688.05
19930611,693.19
19930614,696.41
19930615,697.34
19930616,696.25
19930617,695.94
19930618,689.59
19930621,688.74
19930622,686.77
19930623,684.79
19930624,688.72
19930625,694.81
19930628,702.84
19930629,701.07
19930630,703.95
19930701,703.59
19930702,704.49
19930705,
19930706,702.22
19930707,698.79
19930708,702.71
19930709,705.81
19930712,707.67
19930713,708.47
19930714,712.49
19930715,708.69
19930716,699.73
19930719,695.83
19930720,701.9
19930721,700.08
19930722,695.52
19930723,700.24
19930726,704.54
19930727,701
19930728,705.59
19930729,707.24
19930730,704.7
19930802,707.66
19930803,709.01
19930804,713.79
19930805,715.5
19930806,718.08
19930809,718.49
19930810,717.08
19930811,718.77
19930812,717.12
19930813,718.26
19930816,726.89
19930817,731.01
19930818,734.83
19930819,730.48
19930820,730.96
19930823,730.86
19930824,735.14
19930825,733.66
19930826,731.39
19930827,734.07
19930830,737.38
19930831,742.84
19930901,746.15
19930902,748.65
19930903,749.71
19930906,
19930907,739.35
19930908,730.73
19930909,737.71
19930910,744.31
19930913,740.32
19930914,732.64
19930915,739.55
19930916,739.8
19930917,740.11
19930920,740.21
19930921,733.56
19930922,745.54
19930923,752.26
19930924,754.65
19930927,759.95
19930928,763.66
19930929,763.17
19930930,762.78
19931001,763.23
19931004,764.84
19931005,762.27
19931006,764.77
19931007,762.49
19931008,764.27
19931011,767.65
19931012,772.46
19931013,778.97
19931014,785.41
19931015,787.42
19931018,782.91
19931019,768.71
19931020,768.25
19931021,771.28
19931022,772.68
19931025,769.75
19931026,765.46
19931027,771.88
19931028,773.49
19931029,779.26
19931101,783.77
19931102,785.66
19931103,772.95
19931104,757.26
19931105,762.99
19931108,766.21
19931109,769.84
19931110,776.5
19931111,778.98
19931112,779.32
19931115,772.45
19931116,771.69
19931117,762.36
19931118,754.34
19931119,751.56
19931122,738.13
19931123,746.82
19931124,753.18
19931125,
19931126,754.87
19931129,751.54
19931130,754.39
19931201,763.81
19931202,766.73
19931203,772.22
19931206,771.09
19931207,769.35
19931208,767.89
19931209,761.49
19931210,760.74
19931213,759.72
19931214,751.47
19931215,752.97
19931216,755.53
19931217,759.23
19931220,760.15
19931221,755.63
19931222,756.07
19931223,758.7
19931224,
19931227,761.06
19931228,764.56
19931229,768.48
19931230,771.08
19931231,776.8
19940103,770.76
19940104,774.28
19940105,778.05
19940106,780.41
19940107,782.94
19940110,786.69
19940111,785.52
19940112,786.87
19940113,787.81
19940114,792.31
19940117,792.18
19940118,793.02
19940119,789.28
19940120,793.02
19940121,794.28
19940124,790.65
19940125,786.39
19940126,788.8
19940127,792.88
19940128,796.53
19940131,800.47
19940201,797.24
19940202,799.57
19940203,797.79
19940204,777.28
19940207,779.2
19940208,782.7
19940209,786.53
19940210,783.42
19940211,781.39
19940214,785.45
19940215,790.12
19940216,792.62
19940217,790.24
19940218,788.85
19940221,
19940222,791.15
19940223,789.11
19940224,779.44
19940225,783.78
19940228,792.5
19940301,788.64
19940302,783.47
19940303,784.58
19940304,790.55
19940307,795.05
19940308,792.12
19940309,793.05
19940310,789.09
19940311,789.2
19940314,792.8
19940315,793.52
19940316,798.99
19940317,803.85
19940318,803.93
19940321,797.3
19940322,796.34
19940323,797.51
19940324,786.68
19940325,783.45
19940328,772.5
19940329,755.29
19940330,744.91
19940331,743.46
19940401,
19940404,727.41
19940405,750.95
19940406,750.72
19940407,755.17
19940408,748.71
19940411,748.11
19940412,739.22
19940413,727.38
19940414,727.31
19940415,727.97
19940418,720.45
19940419,712.85
19940420,705.52
19940421,718.74
19940422,722.56
19940425,730.8
19940426,734.21
19940427,
19940428,731.69
19940429,733.84
19940502,740.68
19940503,739.37
19940504,740.3
19940505,740.55
19940506,732.86
19940509,722.96
19940510,725
19940511,717
19940512,719.61
19940513,716.92
19940516,711.91
19940517,711.52
19940518,721.9
19940519,727.31
19940520,726.7
19940523,724.95
19940524,731.47
19940525,732.07
19940526,731.64
19940527,733.14
19940530,
19940531,735.19
19940601,735.52
19940602,739.5
19940603,742.38
19940606,743.43
19940607,739.3
19940608,729.79
19940609,728.88
19940610,734.25
19940613,731.7
19940614,735.98
19940615,735.84
19940616,734.97
19940617,729.35
19940620,718.85
19940621,708.79
19940622,712.74
19940623,700.85
19940624,693.79
19940627,702.68
19940628,702.05
19940629,704.01
19940630,705.96
19940701,706.85
19940704,
19940705,703.59
19940706,701
19940707,706.53
19940708,707.46
19940711,706.83
19940712,709.59
19940713,719.35
19940714,721.56
19940715,721.36
19940718,722.62
19940719,719.32
19940720,712.77
19940721,715.03
19940722,716.68
19940725,716.88
19940726,715.66
19940727,712.13
19940728,712.43
19940729,722.16
19940801,724.85
19940802,724.8
19940803,723.69
19940804,720.18
19940805,718.67
19940808,720.47
19940809,722.61
19940810,728.2
19940811,728.2
19940812,731.61
19940815,732.89
19940816,735.51
19940817,742.66
19940818,742.17
19940819,742.43
19940822,742.29
19940823,747.98
19940824,751.72
19940825,754.8
19940826,762.94
19940829,763.21
19940830,766.46
19940831,765.62
19940901,758.95
19940902,759.23
19940905,
19940906,759.48
19940907,764.28
19940908,769.3
19940909,763.73
19940912,760.01
19940913,765.83
19940914,768.61
19940915,778.66
19940916,777.91
19940919,776.72
19940920,766.74
19940921,760.71
19940922,760.44
19940923,757.46
19940926,755.63
19940927,755.37
19940928,760.01
19940929,759.34
19940930,764.29
19941003,760.88
19941004,747.3
19941005,746.28
19941006,744.19
19941007,749.96
19941010,756.81
19941011,765.57
19941012,767
19941013,767.89
19941014,767.08
19941017,765.78
19941018,764.81
19941019,770.62
19941020,768.24
19941021,765.38
19941024,761.21
19941025,758.26
19941026,763.24
19941027,767.47
19941028,776.15
19941031,777.49
19941101,772.19
19941102,771.82
19941103,772.1
19941104,766.08
19941107,762.31
19941108,767.54
19941109,767.25
19941110,764.38
19941111,762.12
19941114,768.14
19941115,769.02
19941116,769.64
19941117,765.84
19941118,764.67
19941121,757.74
19941122,741.21
19941123,736.7
19941124,
19941125,742.52
19941128,745.73
19941129,751.48
19941130,750.32
19941201,741.2
19941202,745.02
19941205,745.71
19941206,741.23
19941207,734.27
19941208,719.12
19941209,719.05
19941212,719.12
19941213,719.49
19941214,725.67
19941215,730.68
19941216,729.07
19941219,727.89
19941220,728.51
19941221,737.12
19941222,739.34
19941223,742.19
19941226,
19941227,746.19
19941228,742.46
19941229,749.53
19941230,751.96
19950102,
19950103,743.58
19950104,745.84
19950105,745.66
19950106,749.69
19950109,752.09
19950110,756.52
19950111,755.74
19950112,756.51
19950113,762.16
19950116,768.16
19950117,772.14
19950118,772.38
19950119,768.55
19950120,762.05
19950123,759.51
19950124,763.2
19950125,760.98
19950126,757.56
19950127,758.91
19950130,751.83
19950131,755.2
19950201,758.31
19950202,763.64
19950203,772.06
19950206,778.85
19950207,778.97
19950208,783.77
19950209,785.44
19950210,790.43
19950213,789.42
19950214,790.62
19950215,795.63
19950216,793.31
19950217,786.97
19950220,
19950221,784.62
19950222,787.93
19950223,791.35
19950224,791.08
19950227,784.5
19950228,793.73
19950301,791.87
19950302,793.68
19950303,798.79
19950306,797.77
19950307,791.33
19950308,795.81
19950309,796.24
19950310,802.22
19950313,802.31
19950314,808.24
19950315,807.38
19950316,809.34
19950317,808.33
19950320,810.49
19950321,809.78
19950322,809.1
19950323,811.39
19950324,818.66
19950327,822.63
19950328,826.14
19950329,819.16
19950330,816.86
19950331,817.21
19950403,818.05
19950404,813.72
19950405,816.32
19950406,813.8
19950407,814.69
19950410,821.26
19950411,824.83
19950412,828.53
19950413,832.64
19950414,
19950417,830.82
19950418,825.74
19950419,816.55
19950420,819.01
19950421,823.44
19950424,828.91
19950425,831.28
19950426,836.91
19950427,840.95
19950428,843.98
19950501,841.63
19950502,841.79
19950503,850.26
19950504,846.75
19950505,843.53
19950508,849.29
19950509,848.17
19950510,847.62
19950511,853.83
19950512,858.94
19950515,863.06
19950516,868.25
19950517,871.93
19950518,864.06
19950519,864.32
19950522,871.18
19950523,879.64
19950524,877.98
19950525,877.32
19950526,871.87
19950529,
19950530,858.7
19950531,864.58
19950601,868.82
19950602,872.97
19950605,882.85
19950606,879.4
19950607,881.58
19950608,886.13
19950609,884.38
19950612,887.98
19950613,894.23
19950614,895.72
19950615,902.68
19950616,908.65
19950619,922.09
19950620,929.83
19950621,929.19
19950622,940.09
19950623,938.87
19950626,926.98
19950627,919.56
19950628,920.52
19950629,926.81
19950630,933.45
19950703,934.53
19950704,
19950705,941.82
19950706,952.93
19950707,969.76
19950710,976.62
19950711,970.22
19950712,988.63
19950713,994.15
19950714,999.33
19950717,1005.89
19950718,988.53
19950719,952.87
19950720,960.57
19950721,961.77
19950724,978.57
19950725,993.75
19950726,1000.18
19950727,1010.66
19950728,1005.28
19950731,1001.21
19950801,991.11
19950802,983.75
19950803,982.7
19950804,991.09
19950807,995.22
19950808,997.12
19950809,1005.1
19950810,1000.61
19950811,1004.11
19950814,1012.44
19950815,1012.37
19950816,1025.75
19950817,1029.24
19950818,1031.28
19950821,1019.7
19950822,1025.29
19950823,1028.19
19950824,1020.93
19950825,1019.97
19950828,1008.15
19950829,1003.64
19950830,1012.61
19950831,1020.11
19950901,1019.47
19950904,
19950905,1039.3
19950906,1044.28
19950907,1051.08
19950908,1060.03
19950911,1066.56
19950912,1065
19950913,1067.4
19950914,1066.96
19950915,1051.1
19950918,1050.18
19950919,1060.32
19950920,1065.09
19950921,1058.51
19950922,1053.39
19950925,1046.15
19950926,1038.05
19950927,1026.54
19950928,1047.05
19950929,1043.54
19951002,1027.57
19951003,1020.45
19951004,1002.27
19951005,1014.2
19951006,1012.04
19951009,984.74
19951010,983.47
19951011,1001.57
19951012,1015.63
19951013,1018.38
19951016,1018.13
19951017,1035.44
19951018,1045.13
19951019,1046.97
19951020,1039.53
19951023,1036.92
19951024,1039.24
19951025,1026.47
19951026,1017.57
19951027,1025.55
19951030,1039.69
19951031,1036.06
19951101,1040.5
19951102,1057.32
19951103,1065.66
19951106,1062.14
19951107,1043.9
19951108,1047.94
19951109,1065.59
19951110,1063.87
19951113,1058.46
19951114,1040.62
19951115,1041.85
19951116,1044.48
19951117,1045.03
19951120,1029.47
19951121,1024.99
19951122,1021.24
19951123,
19951124,1030.17
19951127,1029.32
19951128,1050.05
19951129,1057.57
19951130,1059.2
19951201,1055.31
19951204,1069.79
19951205,1065.89
19951206,1061.73
19951207,1053.17
19951208,1062.41
19951211,1061.5
19951212,1052.07
19951213,1056.54
19951214,1038.19
19951215,1030.48
19951218,1002.56
19951219,1026.41
19951220,1025.27
19951221,1040.64
19951222,1046.89
19951225,
19951226,1049.37
19951227,1048.13
19951228,1042.22
19951229,1052.13
19960101,
19960102,1058.65
19960103,1046.26
19960104,1029.82
19960105,1033.47
19960108,1032.37
19960109,998.81
19960110,990.21
19960111,1011.1
19960112,1008.23
19960115,988.57
19960116,995.87
19960117,998.3
19960118,1007.24
19960119,1018.45
19960122,1029.44
19960123,1028.04
19960124,1043.46
19960125,1035.95
19960126,1040.96
19960129,1042.51
19960130,1051.3
19960131,1059.79
19960201,1069.46
19960202,1072.11
19960205,1083.34
19960206,1089.08
19960207,1084.88
19960208,1093.17
19960209,1094.6
19960212,1095.38
19960213,1087.22
19960214,1088.03
19960215,1090.54
19960216,1090.71
19960219,
19960220,1083.24
19960221,1096.85
19960222,1117.11
19960223,1117.79
19960226,1113.05
19960227,1106.17
19960228,1107.55
19960229,1100.05
19960301,1086.08
19960304,1084.88
19960305,1096.81
19960306,1091.82
19960307,1093.12
19960308,1063.73
19960311,1080.5
19960312,1073.05
19960313,1088.64
19960314,1091.07
19960315,1099.59
19960318,1114.42
19960319,1112.5
19960320,1101.82
19960321,1099.79
19960322,1102.22
19960325,1087.09
19960326,1088.35
19960327,1093.88
19960328,1094.83
19960329,1101.4
19960401,1106.57
19960402,1111.29
19960403,1115.85
19960404,1118.21
19960405,
19960408,1105.66
19960409,1109.15
19960410,1105.28
19960411,1097.14
19960412,1100.94
19960415,1110.44
19960416,1124.92
19960417,1120.87
19960418,1136.3
19960419,1138.7
19960422,1153.5
19960423,1166.76
19960424,1176.83
19960425,1184.17
19960426,1186.89
19960429,1188.2
19960430,1190.52
19960501,1199.66
19960502,1178.33
19960503,1184.6
19960506,1186.31
19960507,1182.67
19960508,1183.43
19960509,1187.82
19960510,1202.76
19960513,1221.87
19960514,1234.49
19960515,1233.56
19960516,1239.31
19960517,1241.88
19960520,1248.11
19960521,1244.42
19960522,1247.38
19960523,1248.65
19960524,1247.8
19960527,
19960528,1236.3
19960529,1225.63
19960530,1233.48
19960531,1243.43
19960603,1238.73
19960604,1243.68
19960605,1249.15
19960606,1232.52
19960607,1229.76
19960610,1230.04
19960611,1230.76
19960612,1235.47
19960613,1225.65
19960614,1213.18
19960617,1207.64
19960618,1183.08
19960619,1179.27
19960620,1167.34
19960621,1175.44
19960624,1182.9
19960625,1172.58
19960626,1153.29
19960627,1166.01
19960628,1185.02
19960701,1197.45
19960702,1191.15
19960703,1181.6
19960704,
19960705,1158.35
19960708,1148.82
19960709,1153.59
19960710,1141.19
19960711,1106.36
19960712,1103.49
19960715,1060.19
19960716,1053.47
19960717,1086.65
19960718,1109.82
19960719,1097.68
19960722,1081.39
19960723,1049.07
19960724,1042.37
19960725,1062.39
19960726,1079.44
19960729,1066.47
19960730,1071.95
19960731,1080.59
19960801,1098.85
19960802,1124.92
19960805,1120.53
19960806,1128.87
19960807,1141.11
19960808,1137.51
19960809,1137.27
19960812,1138.27
19960813,1126.15
19960814,1133.51
19960815,1134.69
19960816,1133.65
19960819,1130.91
19960820,1124.67
19960821,1126.84
19960822,1143.96
19960823,1143.05
19960826,1139.22
19960827,1149.02
19960828,1153.88
19960829,1145.03
19960830,1141.5
19960902,
19960903,1142.29
19960904,1143.82
19960905,1125.66
19960906,1139.39
19960909,1148.71
19960910,1149.43
19960911,1153.95
19960912,1165.81
19960913,1188.67
19960916,1193.96
19960917,1203.31
19960918,1205.71
19960919,1212.09
19960920,1219.69
19960923,1211.47
19960924,1215.27
19960925,1224.66
19960926,1227.98
19960927,1230.05
19960930,1226.92
19961001,1221.51
19961002,1236.11
19961003,1233.09
19961004,1247.56
19961007,1250.87
19961008,1240.15
19961009,1237.98
19961010,1236.97
19961011,1248.27
19961014,1256.36
19961015,1258.1
19961016,1250.99
19961017,1241.96
19961018,1242.48
19961021,1236.41
19961022,1220
19961023,1227.88
19961024,1227
19961025,1222.6
19961028,1215.89
19961029,1203.05
19961030,1206.23
19961031,1221.51
19961101,1221.78
19961104,1220.48
19961105,1229.07
19961106,1245.49
19961107,1254.14
19961108,1257.51
19961111,1262.67
19961112,1256.53
19961113,1260.72
19961114,1270.36
19961115,1261.8
19961118,1254.57
19961119,1262.62
19961120,1264.94
19961121,1258.08
19961122,1274.36
19961125,1280.37
19961126,1281.2
19961127,1287.32
19961128,
19961129,1292.61
19961202,1299.82
19961203,1300.37
19961204,1297.02
19961205,1300.12
19961206,1287.68
19961209,1316.27
19961210,1312.55
19961211,1309.12
19961212,1298.33
19961213,1284.91
19961216,1260.98
19961217,1266.32
19961218,1285.38
19961219,1295.86
19961220,1288.56
19961223,1279.52
19961224,1287.63
19961225,
19961226,1294.57
19961227,1291.38
19961230,1287.75
19961231,1291.03
19970101,
19970102,1280.7
19970103,1310.68
19970106,1316.4
19970107,1327.73
19970108,1320.35
19970109,1326.2
19970110,1332.02
19970113,1330.91
19970114,1346.36
19970115,1333.53
19970116,1340.58
19970117,1349.05
19970120,1364.28
19970121,1376.97
19970122,1388.06
19970123,1378.37
19970124,1363.83
19970127,1352.81
19970128,1354.37
19970129,1355.17
19970130,1371.02
19970131,1379.85
19970203,1376.05
19970204,1373.75
19970205,1348.44
19970206,1346.4
19970207,1357.71
19970210,1335.34
19970211,1331.51
19970212,1358.96
19970213,1370.81
19970214,1367.19
19970217,
19970218,1365.79
19970219,1365.58
19970220,1347.4
19970221,1334.32
19970224,1345.08
19970225,1347.69
19970226,1340.55
19970227,1312.66
19970228,1309
19970303,1311.18
19970304,1317.37
19970305,1329.09
19970306,1315.43
19970307,1311.8
19970310,1322.72
19970311,1316.76
19970312,1304.13
19970313,1293.28
19970314,1292.97
19970317,1279.43
19970318,1269.34
19970319,1249.29
19970320,1259.26
19970321,1254.07
19970324,1242.64
19970325,1248.06
19970326,1269.08
19970327,1249.51
19970328,
19970331,1221.7
19970401,1216.93
19970402,1201
19970403,1213.76
19970404,1236.73
19970407,1251.35
19970408,1257.37
19970409,1249.43
19970410,1235.77
19970411,1206.9
19970414,1216.41
19970415,1212.88
19970416,1210.27
19970417,1217.07
19970418,1222.57
19970421,1203.95
19970422,1212.74
19970423,1227.14
19970424,1228.1
19970425,1209.29
19970428,1217.03
19970429,1242.63
19970430,1260.76
19970501,1270.5
19970502,1305.33
19970505,1339.24
19970506,1328.3
19970507,1322.91
19970508,1330.83
19970509,1335.05
19970512,1344.19
19970513,1333.59
19970514,1335.55
19970515,1353.58
19970516,1340.73
19970519,1341.24
19970520,1363.88
19970521,1373.75
19970522,1372.6
19970523,1389.72
19970526,
19970527,1409.21
19970528,1410.18
19970529,1403.04
19970530,1400.32
19970602,1404.79
19970603,1384.91
19970604,1379.67
19970605,1390.05
19970606,1404.84
19970609,1412.04
19970610,1401.69
19970611,1407.85
19970612,1411.32
19970613,1423.03
19970616,1431.95
19970617,1443.11
19970618,1432.43
19970619,1447.14
19970620,1447.1
19970623,1434.32
19970624,1452.43
19970625,1446.24
19970626,1436.38
19970627,1438.15
19970630,1442.07
19970701,1438.25
19970702,1455.61
19970703,1467.61
19970704,
19970707,1470.74
19970708,1485.1
19970709,1486.63
19970710,1490.93
19970711,1502.62
19970714,1523.88
19970715,1542.11
19970716,1580.63
19970717,1568.85
19970718,1547.99
19970721,1536.23
19970722,1563.86
19970723,1567.65
19970724,1569.13
19970725,1569.58
19970728,1563.53
19970729,1572.32
19970730,1588.05
19970731,1593.81
19970801,1594.33
19970804,1605.45
19970805,1621.53
19970806,1630.44
19970807,1624.18
19970808,1598.52
19970811,1586.74
19970812,1576.24
19970813,1583.4
19970814,1586.69
19970815,1562.03
19970818,1569.52
19970819,1600.71
19970820,1628.7
19970821,1607.36
19970822,1598.69
19970825,1601.57
19970826,1591.3
19970827,1595.54
19970828,1581.32
19970829,1587.32
19970901,
19970902,1618.09
19970903,1618.24
19970904,1624.63
19970905,1635.77
19970908,1645.35
19970909,1656.22
19970910,1639.25
19970911,1639.86
19970912,1649.33
19970915,1634.92
19970916,1668.6
19970917,1666.47
19970918,1670.02
19970919,1680.36
19970922,1689.45
19970923,1697.36
19970924,1687.41
19970925,1678.89
19970926,1682.24
19970929,1694.98
19970930,1685.69
19971001,1690.3
19971002,1702.41
19971003,1715.87
19971006,1721.91
19971007,1737.27
19971008,1741.77
19971009,1745.85
19971010,1739.03
19971013,1742.12
19971014,1732.79
19971015,1723.37
19971016,1699.66
19971017,1666.85
19971020,1685.45
19971021,1712.54
19971022,1708.08
19971023,1671.25
19971024,1650.92
19971027,1535.09
19971028,1603.02
19971029,1602.75
19971030,1570.41
19971031,1593.61
19971103,1629.98
19971104,1631.15
19971105,1637.33
19971106,1623.44
19971107,1602.4
19971110,1590.72
19971111,1584.86
19971112,1541.72
19971113,1559.25
19971114,1583.51
19971117,1614.11
19971118,1600.44
19971119,1601.22
19971120,1626.56
19971121,1620.75
19971124,1586.99
19971125,1589.04
19971126,1594.5
19971127,
19971128,1600.55
19971201,1630.72
19971202,1606.37
19971203,1615.13
19971204,1613.42
19971205,1633.9
19971208,1651.54
19971209,1620.55
19971210,1596.61
19971211,1558.54
19971212,1536.58
19971215,1536.56
19971216,1553
19971217,1547.37
19971218,1523.19
19971219,1524.74
19971222,1532.06
19971223,1509.91
19971224,1499.53
19971225,
19971226,1511.38
19971229,1537.45
19971230,1565.03
19971231,1570.35
19980101,
19980102,1581.53
19980105,1594.12
19980106,1580.14
19980107,1561.7
19980108,1555.54
19980109,1503.22
19980112,1507.58
19980113,1541.63
19980114,1548.76
19980115,1547.06
19980116,1562.88
19980119,
19980120,1590.14
19980121,1587.92
19980122,1576.51
19980123,1575.93
19980126,1561.46
19980127,1578.9
19980128,1610.82
19980129,1619.49
19980130,1619.36
19980202,1652.89
19980203,1666.34
19980204,1680.44
19980205,1676.9
19980206,1694.35
19980209,1690.43
19980210,1709.04
19980211,1708.55
19980212,1714.34
19980213,1710.42
19980216,
19980217,1703.43
19980218,1715.73
19980219,1727.01
19980220,1728.13
19980223,1751.76
19980224,1738.71
19980225,1766.48
19980226,1777.11
19980227,1770.51
19980302,1758.54
19980303,1757.14
19980304,1759.7
19980305,1711.92
19980306,1753.49
19980309,1725.16
19980310,1748.51
19980311,1756.85
19980312,1764.06
19980313,1771.66
19980316,1788.18
19980317,1779.3
19980318,1788.28
19980319,1799.98
19980320,1789.16
19980323,1792.51
19980324,1812.44
19980325,1824.51
19980326,1828.54
19980327,1823.62
19980330,1818.7
19980331,1835.68
19980401,1847.66
19980402,1852.96
19980403,1855.4
19980406,1829.14
19980407,1798.71
19980408,1807.01
19980409,1820.24
19980410,
19980413,1824.95
19980414,1843.03
19980415,1863.26
19980416,1858.24
19980417,1866.6
19980420,1887.14
19980421,1903.87
19980422,1917.61
19980423,1881.39
19980424,1868.96
19980427,1820.31
19980428,1831.77
19980429,1851.64
19980430,1868.41
19980501,1873.44
19980504,1878.86
19980505,1864.91
19980506,1856.68
19980507,1835.14
19980508,1864.37
19980511,1848.07
19980512,1860.16
19980513,1866.18
19980514,1865.36
19980515,1846.77
19980518,1831.62
19980519,1845.87
19980520,1831.75
19980521,1820.99
19980522,1805
19980525,
19980526,1778.09
19980527,1781.1
19980528,1794.62
19980529,1778.87
19980601,1746.82
19980602,1761.79
19980603,1742.31
19980604,1769.95
19980605,1782.92
19980608,1787.77
19980609,1800.76
19980610,1773.25
19980611,1749.75
19980612,1745.05
19980615,1715.75
19980616,1753.12
19980617,1776.4
19980618,1772.7
19980619,1781.29
19980622,1805.82
19980623,1844.57
19980624,1877.76
19980625,1863.25
19980626,1869.53
19980629,1891.08
19980630,1894.74
19980701,1914.46
19980702,1894
19980703,
19980706,1909.47
19980707,1908.11
19980708,1935.39
19980709,1939.82
19980710,1943.04
19980713,1965.53
19980714,1968.41
19980715,1994.54
19980716,2000.56
19980717,2008.76
19980720,2014.25
19980721,1979.14
19980722,1969.75
19980723,1935.22
19980724,1930.99
19980727,1933.26
19980728,1896.53
19980729,1881.49
19980730,1919.58
19980731,1872.39
19980803,1851.1
19980804,1785.64
19980805,1788.2
19980806,1829.51
19980807,1846.77
19980810,1839.21
19980811,1792.7
19980812,1825.53
19980813,1802.54
19980814,1790.19
19980817,1818.04
19980818,1855.12
19980819,1842.69
19980820,1832.45
19980821,1797.61
19980824,1790.82
19980825,1798.17
19980826,1768.13
19980827,1686.41
19980828,1639.68
19980831,1499.25
19980901,1575.09
19980902,1592.85
19980903,1571.86
19980904,1566.52
19980907,
19980908,1660.86
19980909,1624.55
19980910,1585.33
19980911,1641.64
19980914,1665.69
19980915,1678.11
19980916,1689.91
19980917,1646.25
19980918,1663.77
19980921,1680.43
19980922,1697.8
19980923,1760.27
19980924,1720.34
19980925,1743.59
19980928,1739.22
19980929,1734.05
19980930,1693.84
19981001,1612.33
19981002,1614.98
19981005,1536.69
19981006,1510.89
19981007,1462.61
19981008,1419.12
19981009,1492.49
19981012,1546.08
19981013,1509.45
19981014,1540.97
19981015,1611.01
19981016,1620.95
19981019,1648.73
19981020,1639.19
19981021,1674.75
19981022,1702.64
19981023,1693.86
19981026,1724.98
19981027,1717.63
19981028,1737.35
19981029,1757.19
19981030,1771.39
19981102,1800.91
19981103,1788.43
19981104,1823.57
19981105,1837.1
19981106,1856.56
19981109,1861.05
19981110,1865.62
19981111,1862.11
19981112,1851.06
19981113,1847.99
19981116,1861.68
19981117,1878.52
19981118,1897.44
19981119,1919.68
19981120,1928.21
19981123,1977.42
19981124,1965.88
19981125,1985.21
19981126,
19981127,2016.44
19981130,1949.54
19981201,2003.75
19981202,1995.21
19981203,1954.33
19981204,2003.16
19981207,2040.64
19981208,2034.75
19981209,2050.42
19981210,2015.96
19981211,2029.31
19981214,1966.92
19981215,2012.6
19981216,2009.36
19981217,2043.88
19981218,2086.14
19981221,2138.03
19981222,2120.98
19981223,2172.54
19981224,2163.03
19981225,
19981228,2180.3
19981229,2181.77
19981230,2166.95
19981231,2192.69
19990101,
19990104,2208.05
19990105,2251.27
19990106,2320.86
19990107,2326.09
19990108,2344.41
19990111,2384.59
19990112,2320.75
19990113,2316.81
19990114,2276.82
19990115,2348.2
19990118,
19990119,2408.17
19990120,2415.49
19990121,2344.72
19990122,2338.88
19990125,2369.31
19990126,2433.41
19990127,2407.14
19990128,2477.34
19990129,2505.89
19990201,2510.09
19990202,2463.42
19990203,2493.41
19990204,2410.07
19990205,2373.62
19990208,2404.92
19990209,2310.79
19990210,2309.5
19990211,2405.55
19990212,2321.89
19990215,
19990216,2313.87
19990217,2248.91
19990218,2260.55
19990219,2283.6
19990222,2342.01
19990223,2376.35
19990224,2339.38
19990225,2326.82
19990226,2288.03
19990301,2295.18
19990302,2259.03
19990303,2265.2
19990304,2292.89
19990305,2337.11
19990308,2397.62
19990309,2392.94
19990310,2406
19990311,2412.25
19990312,2381.53
19990315,2431.44
19990316,2439.27
19990317,2428.97
19990318,2462.96
19990319,2421.27
19990322,2395.94
19990323,2322.84
19990324,2365.28
19990325,2434.8
19990326,2419.17
19990329,2492.84
19990330,2480.29
19990331,2461.4
19990401,2493.37
19990402,
19990405,2560.06
19990406,2563.17
19990407,2544.43
19990408,2573.39
19990409,2593.05
19990412,2598.81
19990413,2583.5
19990414,2507.28
19990415,2521.77
19990416,2484.04
19990419,2345.61
19990420,2409.64
19990421,2489.08
19990422,2561.61
19990423,2590.69
19990426,2652.05
19990427,2602.41
19990428,2550.37
19990429,2528.44
19990430,2542.85
19990503,2535.58
19990504,2485.12
19990505,2534.45
19990506,2472.28
19990507,2503.62
19990510,2526.39
19990511,2566.68
19990512,2606.54
19990513,2582
19990514,2527.86
19990517,2561.84
19990518,2558.36
19990519,2577.4
19990520,2542.23
19990521,2520.14
19990524,2453.66
19990525,2380.9
19990526,2427.18
19990527,2419.15
19990528,2470.52
19990531,
19990601,2412.03
19990602,2432.41
19990603,2403.32
19990604,2478.34
19990607,2524.21
19990608,2474.56
19990609,2519.35
19990610,2484.62
19990611,2447.88
19990614,2398.31
19990615,2414.67
19990616,2517.83
19990617,2544.15
19990618,2563.44
19990621,2630.28
19990622,2580.26
19990623,2598.12
19990624,2553.99
19990625,2552.65
19990628,2602.44
19990629,2642.11
19990630,2686.12
19990701,2706.18
19990702,2741.02
19990705,
19990706,2736.78
19990707,2743.04
19990708,2771.86
19990709,2793.07
19990712,2790.44
19990713,2778.23
19990714,2818.13
19990715,2839.37
19990716,2864.48
19990719,2830.29
19990720,2732.18
19990721,2761.77
19990722,2684.44
19990723,2692.4
19990726,2619.19
19990727,2679.33
19990728,2705.84
19990729,2640.01
19990730,2638.49
19990802,2623.63
19990803,2587.99
19990804,2540
19990805,2565.83
19990806,2547.97
19990809,2518.98
19990810,2490.11
19990811,2564.98
19990812,2549.49
19990813,2637.81
19990816,2645.28
19990817,2671.22
19990818,2657.73
19990819,2621.43
19990820,2648.33
19990823,2719.57
19990824,2752.37
19990825,2805.6
19990826,2774.62
19990827,2758.9
19990830,2712.69
19990831,2739.35
19990901,2750.8
19990902,2734.24
19990903,2843.11
19990906,
19990907,2837.26
19990908,2808.74
19990909,2852.02
19990910,2887.06
19990913,2844.77
19990914,2868.29
19990915,2814.17
19990916,2806.72
19990917,2869.62
19990920,2886.15
19990921,2821.1
19990922,2858.16
19990923,2749.83
19990924,2740.41
19990927,2761.75
19990928,2756.25
19990929,2730.27
19990930,2746.16
19991001,2736.85
19991004,2795.97
19991005,2799.67
19991006,2857.21
19991007,2860.7
19991008,2886.57
19991011,2915.95
19991012,2872.43
19991013,2801.27
19991014,2806.84
19991015,2731.83
19991018,2689.15
19991019,2688.18
19991020,2788.13
19991021,2801.95
19991022,2816.52
19991025,2815.95
19991026,2811.47
19991027,2802.52
19991028,2875.22
19991029,2966.43
19991101,2967.65
19991102,2981.63
19991103,3028.51
19991104,3055.95
19991105,3102.29
19991108,3143.97
19991109,3125.04
19991110,3155.96
19991111,3197.29
19991112,3221.15
19991115,3219.54
19991116,3295.52
19991117,3269.39
19991118,3347.11
19991119,3369.25
19991122,3392.56
19991123,3342.87
19991124,3420.5
19991125,
19991126,3447.81
19991129,3421.37
19991130,3336.16
19991201,3353.71
19991202,3452.78
19991203,3520.63
19991206,3546.01
19991207,3586.92
19991208,3586.08
19991209,3594.17
19991210,3620.24
19991213,3658.17
19991214,3571.66
19991215,3621.95
19991216,3715.06
19991217,3753.06
19991220,3783.87
19991221,3911.15
19991222,3937.3
19991223,3969.44
19991224,
19991227,3975.38
19991228,3972.11
19991229,4041.46
19991230,4036.87
19991231,4069.31
20000103,4131.15
20000104,3901.69
20000105,3877.54
20000106,3727.13
20000107,3882.62
20000110,4049.67
20000111,3921.19
20000112,3850.02
20000113,3957.21
20000114,4064.27
20000117,
20000118,4130.81
20000119,4151.29
20000120,4189.51
20000121,4235.4
20000124,4096.08
20000125,4167.41
20000126,4069.91
20000127,4039.56
20000128,3887.07
20000131,3940.35
20000201,4051.98
20000202,4073.96
20000203,4210.98
20000204,4244.14
20000207,4321.77
20000208,4427.5
20000209,4363.24
20000210,4485.63
20000211,4395.45
20000214,4418.55
20000215,4420.77
20000216,4427.65
20000217,4548.92
20000218,4411.74
20000221,
20000222,4382.12
20000223,4550.33
20000224,4617.65
20000225,4590.5
20000228,4577.85
20000229,4696.69
20000301,4784.08
20000302,4754.51
20000303,4914.79
20000306,4904.85
20000307,4847.84
20000308,4897.26
20000309,5046.86
20000310,5048.62
20000313,4907.24
20000314,4706.63
20000315,4582.62
20000316,4717.39
20000317,4798.13
20000320,4610
20000321,4711.68
20000322,4864.75
20000323,4940.61
20000324,4963.03
20000327,4958.56
20000328,4833.89
20000329,4644.67
20000330,4457.89
20000331,4572.83
20000403,4223.68
20000404,4148.89
20000405,4169.22
20000406,4267.56
20000407,4446.45
20000410,4188.2
20000411,4055.9
20000412,3769.63
20000413,3676.78
20000414,3321.29
20000417,3539.16
20000418,3793.57
20000419,3706.41
20000420,3643.88
20000421,
20000424,3482.48
20000425,3711.23
20000426,3630.09
20000427,3774.03
20000428,3860.66
20000501,3958.08
20000502,3785.45
20000503,3707.31
20000504,3720.24
20000505,3816.82
20000508,3669.38
20000509,3585.01
20000510,3384.73
20000511,3499.58
20000512,3529.06
20000515,3607.65
20000516,3717.57
20000517,3644.96
20000518,3538.71
20000519,3390.4
20000522,3364.21
20000523,3164.55
20000524,3270.61
20000525,3205.35
20000526,3205.11
20000529,
20000530,3459.48
20000531,3400.91
20000601,3582.5
20000602,3813.38
20000605,3821.76
20000606,3756.37
20000607,3839.26
20000608,3825.56
20000609,3874.84
20000612,3767.91
20000613,3851.06
20000614,3797.41
20000615,3845.74
20000616,3860.56
20000619,3989.83
20000620,4013.36
20000621,4064.01
20000622,3936.84
20000623,3845.34
20000626,3912.12
20000627,3858.96
20000628,3940.34
20000629,3877.23
20000630,3966.11
20000703,3991.93
20000704,
20000705,3863.1
20000706,3960.57
20000707,4023.2
20000710,3980.29
20000711,3956.42
20000712,4099.59
20000713,4174.86
20000714,4246.18
20000717,4274.67
20000718,4177.17
20000719,4055.63
20000720,4184.56
20000721,4094.45
20000724,3981.57
20000725,4029.57
20000726,3987.72
20000727,3842.23
20000728,3663
20000731,3766.99
20000801,3685.52
20000802,3658.46
20000803,3759.88
20000804,3787.36
20000807,3862.99
20000808,3848.55
20000809,3853.5
20000810,3759.99
20000811,3789.47
20000814,3849.69
20000815,3851.66
20000816,3861.2
20000817,3940.87
20000818,3930.34
20000821,3953.15
20000822,3958.21
20000823,4011.01
20000824,4053.28
20000825,4042.68
20000828,4070.59
20000829,4082.17
20000830,4103.81
20000831,4206.35
20000901,4234.33
20000904,
20000905,4143.18
20000906,4013.34
20000907,4098.35
20000908,3978.41
20000911,3896.35
20000912,3849.51
20000913,3893.89
20000914,3913.86
20000915,3835.23
20000918,3726.52
20000919,3865.64
20000920,3897.44
20000921,3828.87
20000922,3803.76
20000925,3741.22
20000926,3689.1
20000927,3656.3
20000928,3778.32
20000929,3672.82
20001002,3568.9
20001003,3455.83
20001004,3523.1
20001005,3472.1
20001006,3361.01
20001009,3355.56
20001010,3240.54
20001011,3168.49
20001012,3074.68
20001013,3316.77
20001016,3290.28
20001017,3213.96
20001018,3171.56
20001019,3418.6
20001020,3483.14
20001023,3468.69
20001024,3419.79
20001025,3229.57
20001026,3272.18
20001027,3278.36
20001030,3191.4
20001031,3369.63
20001101,3333.39
20001102,3429.02
20001103,3451.58
20001106,3416.21
20001107,3415.79
20001108,3231.7
20001109,3200.35
20001110,3028.99
20001113,2966.72
20001114,3138.27
20001115,3165.49
20001116,3031.88
20001117,3027.19
20001120,2875.64
20001121,2871.45
20001122,2755.34
20001123,
20001124,2904.38
20001127,2880.49
20001128,2734.98
20001129,2706.93
20001130,2597.93
20001201,2645.29
20001204,2615.75
20001205,2889.8
20001206,2796.5
20001207,2752.66
20001208,2917.43
20001211,3015.1
20001212,2931.77
20001213,2822.77
20001214,2728.51
20001215,2653.27
20001218,2624.52
20001219,2511.71
20001220,2332.78
20001221,2340.12
20001222,2517.02
20001225,
20001226,2493.52
20001227,2539.35
20001228,2557.76
20001229,2470.52
20010101,
20010102,2291.86
20010103,2616.69
20010104,2566.83
20010105,2407.65
20010108,2395.92
20010109,2441.3
20010110,2524.18
20010111,2640.57
20010112,2626.5
20010115,
20010116,2618.55
20010117,2682.78
20010118,2768.49
20010119,2770.38
20010122,2757.91
20010123,2840.39
20010124,2859.15
20010125,2754.28
20010126,2781.3
20010129,2838.34
20010130,2838.35
20010131,2772.73
20010201,2782.79
20010202,2660.5
20010205,2643.21
20010206,2664.49
20010207,2607.82
20010208,2562.06
20010209,2470.97
20010212,2489.66
20010213,2427.72
20010214,2491.4
20010215,2552.91
20010216,2425.38
20010219,
20010220,2318.35
20010221,2268.94
20010222,2244.96
20010223,2262.51
20010226,2308.5
20010227,2207.82
20010228,2151.83
20010301,2183.37
20010302,2117.63
20010305,2142.92
20010306,2204.43
20010307,2223.92
20010308,2168.73
20010309,2052.78
20010312,1923.38
20010313,2014.78
20010314,1972.09
20010315,1940.71
20010316,1890.91
20010319,1951.18
20010320,1857.44
20010321,1830.23
20010322,1897.7
20010323,1928.68
20010326,1918.49
20010327,1972.26
20010328,1854.13
20010329,1820.57
20010330,1840.26
20010402,1782.97
20010403,1673
20010404,1638.8
20010405,1785
20010406,1720.36
20010409,1745.71
20010410,1852.03
20010411,1898.95
20010412,1961.43
20010413,
20010416,1909.57
20010417,1923.22
20010418,2079.44
20010419,2182.14
20010420,2163.41
20010423,2059.32
20010424,2016.61
20010425,2059.8
20010426,2034.88
20010427,2075.68
20010430,2116.24
20010501,2168.24
20010502,2220.6
20010503,2146.2
20010504,2191.53
20010507,2173.57
20010508,2198.77
20010509,2156.63
20010510,2128.86
20010511,2107.43
20010514,2081.92
20010515,2085.58
20010516,2166.44
20010517,2193.68
20010518,2198.88
20010521,2305.59
20010522,2313.85
20010523,2243.48
20010524,2282.02
20010525,2251.03
20010528,
20010529,2175.54
20010530,2084.5
20010531,2110.49
20010601,2149.44
20010604,2155.93
20010605,2233.66
20010606,2217.73
20010607,2264
20010608,2215.1
20010611,2170.78
20010612,2169.95
20010613,2121.66
20010614,2044.07
20010615,2028.43
20010618,1988.63
20010619,1992.66
20010620,2031.24
20010621,2058.76
20010622,2034.84
20010625,2050.87
20010626,2064.62
20010627,2074.74
20010628,2125.46
20010629,2160.54
20010702,2148.72
20010703,2140.8
20010704,
20010705,2080.11
20010706,2004.16
20010709,2026.71
20010710,1962.79
20010711,1972.04
20010712,2075.74
20010713,2084.79
20010716,2029.12
20010717,2067.32
20010718,2016.17
20010719,2046.59
20010720,2029.37
20010723,1988.56
20010724,1959.24
20010725,1984.32
20010726,2022.96
20010727,2029.07
20010730,2017.84
20010731,2027.13
20010801,2068.38
20010802,2087.38
20010803,2066.33
20010806,2034.26
20010807,2027.79
20010808,1966.36
20010809,1963.32
20010810,1956.47
20010813,1982.25
20010814,1964.53
20010815,1918.89
20010816,1930.32
20010817,1867.01
20010820,1881.35
20010821,1831.3
20010822,1860.01
20010823,1842.97
20010824,1916.8
20010827,1912.41
20010828,1864.98
20010829,1843.17
20010830,1791.68
20010831,1805.43
20010903,
20010904,1770.78
20010905,1759.01
20010906,1705.64
20010907,1687.7
20010910,1695.38
20010911,
20010912,
20010913,
20010914,
20010917,1579.55
20010918,1555.08
20010919,1527.8
20010920,1470.93
20010921,1423.19
20010924,1499.4
20010925,1501.64
20010926,1464.04
20010927,1460.71
20010928,1498.8
20011001,1480.46
20011002,1492.33
20011003,1580.81
20011004,1597.31
20011005,1605.3
20011008,1605.95
20011009,1570.19
20011010,1626.26
20011011,1701.47
20011012,1703.4
20011015,1696.31
20011016,1722.07
20011017,1646.34
20011018,1652.72
20011019,1671.31
20011022,1708.08
20011023,1704.44
20011024,1731.54
20011025,1775.47
20011026,1768.96
20011029,1699.52
20011030,1667.41
20011031,1690.2
20011101,1746.3
20011102,1745.73
20011105,1793.65
20011106,1835.08
20011107,1837.53
20011108,1827.77
20011109,1828.48
20011112,1840.13
20011113,1892.11
20011114,1903.19
20011115,1900.57
20011116,1898.58
20011119,1934.42
20011120,1880.51
20011121,1875.05
20011122,
20011123,1903.2
20011126,1941.23
20011127,1935.97
20011128,1887.97
20011129,1933.26
20011130,1930.58
20011203,1904.9
20011204,1963.1
20011205,2046.84
20011206,2054.27
20011207,2021.26
20011210,1992.12
20011211,2001.93
20011212,2011.38
20011213,1946.51
20011214,1953.17
20011217,1987.45
20011218,2004.76
20011219,1982.89
20011220,1918.54
20011221,1945.83
20011224,1944.48
20011225,
20011226,1960.7
20011227,1976.42
20011228,1987.26
20011231,1950.4
20020101,
20020102,1979.25
20020103,2044.27
20020104,2059.38
20020107,2037.1
20020108,2055.74
20020109,2044.89
20020110,2047.24
20020111,2022.46
20020114,1990.74
20020115,2000.91
20020116,1944.44
20020117,1985.82
20020118,1930.34
20020121,
20020122,1882.53
20020123,1922.38
20020124,1942.58
20020125,1937.7
20020128,1943.91
20020129,1892.99
20020130,1913.44
20020131,1934.03
20020201,1911.24
20020204,1855.53
20020205,1838.52
20020206,1812.71
20020207,1782.11
20020208,1818.88
20020211,1846.66
20020212,1834.21
20020213,1859.16
20020214,1843.37
20020215,1805.2
20020218,
20020219,1750.61
20020220,1775.57
20020221,1716.24
20020222,1724.54
20020225,1769.88
20020226,1766.86
20020227,1751.88
20020228,1731.49
20020301,1802.74
20020304,1859.32
20020305,1866.29
20020306,1890.4
20020307,1881.63
20020308,1929.67
20020311,1929.49
20020312,1897.12
20020313,1862.03
20020314,1854.14
20020315,1868.3
20020318,1877.06
20020319,1880.87
20020320,1832.87
20020321,1868.83
20020322,1851.39
20020325,1812.49
20020326,1824.17
20020327,1826.75
20020328,1845.35
20020329,
20020401,1862.62
20020402,1804.4
20020403,1784.35
20020404,1789.75
20020405,1770.03
20020408,1785.87
20020409,1742.57
20020410,1767.07
20020411,1725.24
20020412,1756.19
20020415,1753.78
20020416,1816.79
20020417,1810.67
20020418,1802.43
20020419,1796.83
20020422,1758.68
20020423,1730.29
20020424,1713.34
20020425,1713.7
20020426,1663.89
20020429,1656.93
20020430,1688.23
20020501,1677.53
20020502,1644.82
20020503,1613.03
20020506,1578.48
20020507,1573.82
20020508,1696.29
20020509,1650.49
20020510,1600.85
20020513,1652.54
20020514,1719.05
20020515,1725.56
20020516,1730.44
20020517,1741.39
20020520,1701.59
20020521,1664.18
20020522,1673.45
20020523,1697.63
20020524,1661.49
20020527,
20020528,1652.17
20020529,1624.39
20020530,1631.92
20020531,1615.73
20020603,1562.56
20020604,1578.12
20020605,1595.26
20020606,1554.88
20020607,1535.48
20020610,1530.69
20020611,1497.18
20020612,1519.12
20020613,1496.86
20020614,1504.74
20020617,1553.29
20020618,1542.96
20020619,1496.83
20020620,1464.75
20020621,1440.96
20020624,1460.34
20020625,1423.99
20020626,1429.33
20020627,1459.2
20020628,1463.21
20020701,1403.8
20020702,1357.82
20020703,1380.17
20020704,
20020705,1448.36
20020708,1405.61
20020709,1381.12
20020710,1346.01
20020711,1374.43
20020712,1373.5
20020715,1382.62
20020716,1375.26
20020717,1397.25
20020718,1356.95
20020719,1319.15
20020722,1282.65
20020723,1229.05
20020724,1290.23
20020725,1240.08
20020726,1262.12
20020729,1335.25
20020730,1344.19
20020731,1328.26
20020801,1280
20020802,1247.92
20020805,1206.01
20020806,1259.55
20020807,1280.9
20020808,1316.52
20020809,1306.12
20020812,1306.84
20020813,1269.28
20020814,1334.3
20020815,1345.01
20020816,1361.01
20020819,1394.54
20020820,1376.59
20020821,1409.25
20020822,1422.95
20020823,1380.62
20020826,1391.74
20020827,1347.78
20020828,1314.38
20020829,1335.77
20020830,1314.85
20020902,
20020903,1263.84
20020904,1292.31
20020905,1251
20020906,1295.3
20020909,1304.6
20020910,1320.09
20020911,1315.45
20020912,1279.68
20020913,1291.4
20020916,1275.88
20020917,1259.94
20020918,1252.13
20020919,1216.45
20020920,1221.09
20020923,1184.93
20020924,1182.17
20020925,1222.29
20020926,1221.61
20020927,1199.16
20020930,1172.06
20021001,1213.72
20021002,1187.3
20021003,1165.56
20021004,1139.9
20021007,1119.4
20021008,1129.21
20021009,1114.11
20021010,1163.37
20021011,1210.47
20021014,1220.53
20021015,1282.44
20021016,1232.42
20021017,1272.29
20021018,1287.86
20021021,1309.67
20021022,1292.8
20021023,1320.23
20021024,1298.71
20021025,1331.13
20021028,1315.83
20021029,1300.54
20021030,1326.73
20021031,1329.75
20021101,1360.7
20021104,1396.54
20021105,1401.17
20021106,1418.99
20021107,1376.71
20021108,1359.28
20021111,1319.19
20021112,1349.56
20021113,1361.34
20021114,1411.52
20021115,1411.14
20021118,1393.69
20021119,1374.51
20021120,1419.35
20021121,1467.55
20021122,1468.74
20021125,1481.9
20021126,1444.43
20021127,1487.94
20021128,
20021129,1478.78
20021202,1484.78
20021203,1448.96
20021204,1430.35
20021205,1410.75
20021206,1422.44
20021209,1367.14
20021210,1390.76
20021211,1396.59
20021212,1399.55
20021213,1362.42
20021216,1400.33
20021217,1392.05
20021218,1361.51
20021219,1354.1
20021220,1363.05
20021223,1381.69
20021224,1372.47
20021225,
20021226,1367.89
20021227,1348.31
20021230,1339.54
20021231,1335.51
20030101,
20030102,1384.85
20030103,1387.08
20030106,1421.32
20030107,1431.57
20030108,1401.07
20030109,1438.46
20030110,1447.72
20030113,1446.04
20030114,1460.99
20030115,1438.8
20030116,1423.75
20030117,1376.19
20030120,
20030121,1364.25
20030122,1358.23
20030123,1393.67
20030124,1340.22
20030127,1320.32
20030128,1346.5
20030129,1363.31
20030130,1322.06
20030131,1331.04
20030203,1335.76
20030204,1306.15
20030205,1301.49
20030206,1291.47
20030207,1278.54
20030210,1298.57
20030211,1285.77
20030212,1278.74
20030213,1261.79
20030214,1310.37
20030217,
20030218,1346.92
20030219,1322.12
20030220,1329.09
20030221,1352.07
20030224,1321.44
20030225,1331.35
20030226,1302.83
20030227,1331.79
20030228,1342.73
20030303,1316.85
20030304,1307.27
20030305,1317.69
20030306,1299.81
20030307,1310.53
20030310,1277.18
20030311,1269.48
20030312,1279.59
20030313,1340.78
20030314,1342.43
20030317,1392.41
20030318,1400.55
20030319,1378.57
20030320,1411.41
20030321,1425.73
20030324,1368.37
20030325,1400.14
20030326,1383.35
20030327,1392.46
20030328,1367.89
20030331,1357
20030401,1356.37
20030402,1400.86
20030403,1412.08
20030404,1378.22
20030407,1389.51
20030408,1392.52
20030409,1356.6
20030410,1368.11
20030411,1353.74
20030414,1386.5
20030415,1394.03
20030416,1391.99
20030417,1425.5
20030418,
20030421,1413.71
20030422,1452.34
20030423,1468.08
20030424,1465.92
20030425,1432.02
20030428,1465.4
20030429,1459.48
20030430,1472.69
20030501,1478.85
20030502,1504.22
20030505,1502.66
20030506,1531.82
20030507,1503.06
20030508,1504.04
20030509,1520.15
20030512,1544.41
20030513,1548.59
20030514,1526.14
20030515,1536.03
20030516,1534.35
20030519,1492.46
20030520,1480.13
20030521,1478.15
20030522,1512.8
20030523,1514.49
20030526,
20030527,1558.28
20030528,1571.85
20030529,1591.26
20030530,1599.92
20030602,1586.48
20030603,1603.74
20030604,1638.57
20030605,1646.01
20030606,1625.18
20030609,1597.32
20030610,1627.77
20030611,1647.57
20030612,1646.08
20030613,1624.12
20030616,1667.77
20030617,1674.09
20030618,1685.04
20030619,1646.79
20030620,1638.93
20030623,1601.45
20030624,1598.25
20030625,1600.28
20030626,1636.15
20030627,1621.25
20030630,1621.44
20030701,1641.77
20030702,1678.77
20030703,1660.95
20030704,
20030707,1721.25
20030708,1747.44
20030709,1758.18
20030710,1707.49
20030711,1737.41
20030714,1748.88
20030715,1742.1
20030716,1734.14
20030717,1693.47
20030718,1714.84
20030721,1675.18
20030722,1710.34
20030723,1720.04
20030724,1700.29
20030725,1730.91
20030728,1740.59
20030729,1713.21
20030730,1717.07
20030731,1757.37
20030801,1714.01
20030804,1723.27
20030805,1671.04
20030806,1675.46
20030807,1658.43
20030808,1640.88
20030811,1668.06
20030812,1687.48
20030813,1695.83
20030814,1700.34
20030815,1705.33
20030818,1739.59
20030819,1761.63
20030820,1768.52
20030821,1762.97
20030822,1765.3
20030825,1752.12
20030826,1771.22
20030827,1783.12
20030828,1800.65
20030829,1813.82
20030901,
20030902,1841.48
20030903,1846.51
20030904,1870
20030905,1850.69
20030908,1888.65
20030909,1867.81
20030910,1823.81
20030911,1852.6
20030912,1855.04
20030915,1843.79
20030916,1887.87
20030917,1883.1
20030918,1910.51
20030919,1905.9
20030922,1866.88
20030923,1901.73
20030924,1843.43
20030925,1817.2
20030926,1792.06
20030929,1824.59
20030930,1802.71
20031001,1832.25
20031002,1823.64
20031003,1891.62
20031006,1894.22
20031007,1907.88
20031008,1891.99
20031009,1899.21
20031010,1913.92
20031013,1921.96
20031014,1943.33
20031015,1933.03
20031016,1951.76
20031017,1910.24
20031020,1925.16
20031021,1952.48
20031022,1897.36
20031023,1893.2
20031024,1841.62
20031027,1873.62
20031028,1932.26
20031029,1937.37
20031030,1929.77
20031031,1937.14
20031103,1969.26
20031104,1953.64
20031105,1966.15
20031106,1977.91
20031107,1968.81
20031110,1939.73
20031111,1923.5
20031112,1973.11
20031113,1970.4
20031114,1930.26
20031117,1890.72
20031118,1881.75
20031119,1903.43
20031120,1880.91
20031121,1892.82
20031124,1947.14
20031125,1956.2
20031126,1930.63
20031127,
20031128,1963.06
20031201,1989.82
20031202,1978.23
20031203,1960.13
20031204,1942.67
20031205,1935.58
20031208,1948.94
20031209,1906.84
20031210,1887.46
20031211,1945.92
20031212,1949.02
20031215,1918.26
20031216,1924.29
20031217,1914.65
20031218,1955.3
20031219,1951.02
20031222,1941.62
20031223,1974.78
20031224,1974.31
20031225,
20031226,1973.14
20031229,2006.48
20031230,2010.13
20031231,1996.62
20040101,
20040102,1999.77
20040105,2047.36
20040106,2061.54
20040107,2078.09
20040108,2100.25
20040109,2113.33
20040112,2112.52
20040113,2089.35
20040114,2111.73
20040115,2121.61
20040116,2140.47
20040119,
20040120,2130.2
20040121,2140.25
20040122,2119.01
20040123,2108.45
20040126,2153.83
20040127,2116.04
20040128,2073.15
20040129,2041.07
20040130,2065.44
20040202,2085.49
20040203,2071.44
20040204,2013.92
20040205,2012.79
20040206,2064.01
20040209,2060.44
20040210,2075.33
20040211,2089.66
20040212,2072.06
20040213,2049.76
20040216,
20040217,2084.72
20040218,2072.19
20040219,2045.96
20040220,2022.79
20040223,1999.59
20040224,2018.07
20040225,2024.2
20040226,2037.17
20040227,2018.83
20040301,2057.8
20040302,2039.65
20040303,2039.31
20040304,2055.12
20040305,2069.02
20040308,2008.78
20040309,1987.29
20040310,1963.13
20040311,1943.89
20040312,1984.73
20040315,1939.2
20040316,1927.69
20040317,1980.31
20040318,1947.56
20040319,1940.47
20040322,1897.63
20040323,1898.94
20040324,1922.51
20040325,1967.17
20040326,1960.02
20040329,1996.23
20040330,2000.68
20040331,2004
20040401,2019.09
20040402,2057.17
20040405,2079.12
20040406,2053.32
20040407,2060.44
20040408,2046.1
20040409,
20040412,2069.45
20040413,2026.2
20040414,2013.98
20040415,1989.21
20040416,2007.17
20040419,2020.45
20040420,1978.63
20040421,1995.91
20040422,2035.39
20040423,2034.48
20040426,2031.75
20040427,2027.64
20040428,1985.54
20040429,1946.1
20040430,1919.39
20040503,1926.09
20040504,1969.97
20040505,1967.33
20040506,1923.3
20040507,1917.96
20040510,1907.98
20040511,1931.48
20040512,1927.23
20040513,1937.87
20040514,1897.57
20040517,1887.74
20040518,1903.39
20040519,1898.16
20040520,1890.18
20040521,1899.85
20040524,1915.56
20040525,1966.68
20040526,1976.16
20040527,1969.04
20040528,1990.81
20040531,
20040601,1972.71
20040602,1998.32
20040603,1960.26
20040604,1995.5
20040607,2020.62
20040608,2023.54
20040609,1989.99
20040610,1988.89
20040611,
20040614,1963.48
20040615,2006.58
20040616,2002.07
20040617,1976.25
20040618,2000.41
20040621,1972.43
20040622,1994.87
20040623,2023.23
20040624,2013.78
20040625,2033.87
20040628,2013.73
20040629,2037.6
20040630,2055.65
20040701,2006.67
20040702,1996.61
20040705,
20040706,1958.69
20040707,1976.92
20040708,1934.57
20040709,1940.22
20040712,1941.24
20040713,1930.59
20040714,1937.68
20040715,1925.76
20040716,1882.93
20040719,1870.14
20040720,1917.07
20040721,1874.37
20040722,1892.98
20040723,1846.55
20040726,1829.06
20040727,1872.17
20040728,1869
20040729,1867.62
20040730,1896.31
20040802,1893.13
20040803,1859.17
20040804,1864.8
20040805,1820.21
20040806,1775.57
20040809,1774.64
20040810,1808.7
20040811,1782.42
20040812,1752.49
20040813,1757.22
20040816,1782.84
20040817,1795.25
20040818,1831.37
20040819,1819.89
20040820,1838.01
20040823,1838.7
20040824,1836.89
20040825,1860.72
20040826,1852.92
20040827,1862.08
20040830,1836.49
20040831,1838.1
20040901,1850.41
20040902,1873.43
20040903,1844.48
20040906,
20040907,1858.56
20040908,1850.64
20040909,1869.65
20040910,1894.31
20040913,1910.38
20040914,1915.4
20040915,1896.52
20040916,1904.08
20040917,1910.09
20040920,1908.07
20040921,1921.17
20040922,1885.71
20040923,1886.43
20040924,1879.48
20040927,1859.88
20040928,1869.87
20040929,1893.94
20040930,1896.84
20041001,1942.2
20041004,1952.4
20041005,1955.5
20041006,1971.03
20041007,1948.52
20041008,1919.97
20041011,1928.76
20041012,1925.17
20041013,1920.53
20041014,1903.02
20041015,1911.5
20041018,1936.52
20041019,1922.9
20041020,1932.97
20041021,1953.62
20041022,1915.14
20041025,1914.04
20041026,1928.79
20041027,1969.99
20041028,1975.74
20041029,1974.99
20041101,1979.87
20041102,1984.79
20041103,2004.33
20041104,2023.63
20041105,2038.94
20041108,2039.25
20041109,2043.33
20041110,2034.56
20041111,2061.27
20041112,2085.34
20041115,2094.09
20041116,2078.62
20041117,2099.68
20041118,2104.28
20041119,2070.63
20041122,2085.19
20041123,2084.28
20041124,2102.54
20041125,
20041126,2101.97
20041129,2106.87
20041130,2096.81
20041201,2138.23
20041202,2143.57
20041203,2147.96
20041206,2151.25
20041207,2114.65
20041208,2126.11
20041209,2129.01
20041210,2128.07
20041213,2148.5
20041214,2159.84
20041215,2162.55
20041216,2146.15
20041217,2135.2
20041220,2127.85
20041221,2150.91
20041222,2157.03
20041223,2160.62
20041224,
20041227,2154.22
20041228,2177.19
20041229,2177
20041230,2178.34
20041231,2175.44
20050103,2152.15
20050104,2107.86
20050105,2091.24
20050106,2090
20050107,2088.61
20050110,2097.04
20050111,2079.62
20050112,2092.53
20050113,2070.56
20050114,2087.91
20050117,
20050118,2106.04
20050119,2073.59
20050120,2045.88
20050121,2034.27
20050124,2008.7
20050125,2019.95
20050126,2046.09
20050127,2047.15
20050128,2035.83
20050131,2062.41
20050201,2068.7
20050202,2075.06
20050203,2057.64
20050204,2086.66
20050207,2082.03
20050208,2086.68
20050209,2052.55
20050210,2053.1
20050211,2076.66
20050214,2082.91
20050215,2089.21
20050216,2087.43
20050217,2061.34
20050218,2058.62
20050221,
20050222,2030.32
20050223,2031.25
20050224,2051.7
20050225,2065.4
20050228,2051.72
20050301,2071.25
20050302,2067.5
20050303,2058.4
20050304,2070.61
20050307,2090.21
20050308,2073.55
20050309,2061.29
20050310,2059.72
20050311,2041.6
20050314,2051.04
20050315,2034.98
20050316,2015.75
20050317,2016.42
20050318,2007.79
20050321,2007.51
20050322,1989.34
20050323,1990.22
20050324,1991.06
20050325,
20050328,1992.52
20050329,1973.88
20050330,2005.67
20050331,1999.23
20050401,1984.81
20050404,1991.07
20050405,1999.32
20050406,1999.14
20050407,2018.79
20050408,1999.35
20050411,1992.12
20050412,2005.4
20050413,1974.37
20050414,1946.71
20050415,1908.15
20050418,1912.92
20050419,1932.36
20050420,1913.76
20050421,1962.41
20050422,1932.19
20050425,1950.78
20050426,1927.44
20050427,1930.43
20050428,1904.18
20050429,1921.65
20050502,1928.65
20050503,1933.07
20050504,1962.23
20050505,1961.8
20050506,1967.35
20050509,1979.67
20050510,1962.77
20050511,1971.55
20050512,1963.88
20050513,1976.78
20050516,1994.43
20050517,2004.15
20050518,2030.65
20050519,2042.58
20050520,2046.42
20050523,2056.65
20050524,2061.62
20050525,2050.12
20050526,2071.24
20050527,2075.73
20050530,
20050531,2068.22
20050601,2087.86
20050602,2097.8
20050603,2071.43
20050606,2075.76
20050607,2067.16
20050608,2060.18
20050609,2076.91
20050610,2063
20050613,2068.96
20050614,2069.4
20050615,2074.92
20050616,2089.15
20050617,2090.11
20050620,2088.13
20050621,2091.7
20050622,2092.3
20050623,2070.66
20050624,2053.27
20050627,2045.2
20050628,2069.89
20050629,2068.89
20050630,2056.96
20050701,2057.37
20050704,
20050705,2078.75
20050706,2068.65
20050707,2075.66
20050708,2112.88
20050711,2135.43
20050712,2143.15
20050713,2144.11
20050714,2152.82
20050715,2156.78
20050718,2144.87
20050719,2173.18
20050720,2188.57
20050721,2178.6
20050722,2179.74
20050725,2166.74
20050726,2175.99
20050727,2186.22
20050728,2198.44
20050729,2184.83
20050801,2195.38
20050802,2218.15
20050803,2216.81
20050804,2191.32
20050805,2177.91
20050808,2164.39
20050809,2174.19
20050810,2157.81
20050811,2174.55
20050812,2156.9
20050815,2167.4
20050816,2137.6
20050817,2145.15
20050818,2136.8
20050819,2135.56
20050822,2141.41
20050823,2137.25
20050824,2128.91
20050825,2134.37
20050826,2120.77
20050829,2137.65
20050830,2129.76
20050831,2152.9
20050901,2147.9
20050902,2141.7
20050905,
20050906,2166.86
20050907,2172.3
20050908,2166.3
20050909,2175.51
20050912,2182.83
20050913,2171.75
20050914,2149.33
20050915,2146.15
20050916,2160.35
20050919,2145.26
20050920,2131.33
20050921,2106.64
20050922,2110.78
20050923,2116.84
20050926,2121.46
20050927,2116.42
20050928,2115.4
20050929,2141.22
20050930,2151.69
20051003,2155.43
20051004,2139.36
20051005,2103.2
20051006,2084.8
20051007,2090.35
20051010,2078.92
20051011,2061.9
20051012,2037.47
20051013,2047.22
20051014,2064.83
20051017,2070.3
20051018,2056
20051019,2091.24
20051020,2068.11
20051021,2082.21
20051024,2115.83
20051025,2109.45
20051026,2100.5
20051027,2063.81
20051028,2089.88
20051031,2120.3
20051101,2114.5
20051102,2144.31
20051103,2160.22
20051104,2169.43
20051107,2178.24
20051108,2172.07
20051109,2175.81
20051110,2196.68
20051111,2202.47
20051114,2200.95
20051115,2186.74
20051116,2187.93
20051117,2220.46
20051118,2227.07
20051121,2241.67
20051122,2253.56
20051123,2259.98
20051124,
20051125,2263.01
20051128,2239.37
20051129,2232.71
20051130,2232.82
20051201,2267.17
20051202,2273.37
20051205,2257.64
20051206,2260.76
20051207,2252.01
20051208,2246.46
20051209,2256.73
20051212,2260.95
20051213,2265
20051214,2262.59
20051215,2260.63
20051216,2252.48
20051219,2222.74
20051220,2222.42
20051221,2231.66
20051222,2246.49
20051223,2249.42
20051226,
20051227,2226.89
20051228,2228.94
20051229,2218.16
20051230,2205.32
20060102,
20060103,2243.74
20060104,2263.46
20060105,2276.87
20060106,2305.62
20060109,2318.69
20060110,2320.32
20060111,2331.36
20060112,2316.69
20060113,2317.04
20060116,
20060117,2302.69
20060118,2279.64
20060119,2301.81
20060120,2247.7
20060123,2248.47
20060124,2265.25
20060125,2260.65
20060126,2283
20060127,2304.23
20060130,2306.78
20060131,2305.82
20060201,2310.56
20060202,2281.57
20060203,2262.58
20060206,2258.8
20060207,2244.96
20060208,2266.98
20060209,2255.87
20060210,2261.88
20060213,2239.81
20060214,2262.17
20060215,2276.43
20060216,2294.63
20060217,2282.36
20060220,
20060221,2262.96
20060222,2283.17
20060223,2279.32
20060224,2287.04
20060227,2307.18
20060228,2281.39
20060301,2314.64
20060302,2311.11
20060303,2302.6
20060306,2286.03
20060307,2268.38
20060308,2267.46
20060309,2249.72
20060310,2262.04
20060313,2267.03
20060314,2295.9
20060315,2311.84
20060316,2299.56
20060317,2306.48
20060320,2314.11
20060321,2294.23
20060322,2303.35
20060323,2300.15
20060324,2312.82
20060327,2315.58
20060328,2304.46
20060329,2337.78
20060330,2340.82
20060331,2339.79
20060403,2336.74
20060404,2345.36
20060405,2359.75
20060406,2361.17
20060407,2339.02
20060410,2333.27
20060411,2310.35
20060412,2314.68
20060413,2326.11
20060414,
20060417,2311.16
20060418,2356.14
20060419,2370.88
20060420,2362.55
20060421,2342.86
20060424,2333.38
20060425,2330.3
20060426,2333.63
20060427,2344.95
20060428,2322.57
20060501,2304.79
20060502,2309.84
20060503,2303.97
20060504,2323.9
20060505,2342.57
20060508,2344.99
20060509,2338.25
20060510,2320.74
20060511,2272.7
20060512,2243.78
20060515,2238.52
20060516,2229.13
20060517,2195.8
20060518,2180.32
20060519,2193.88
20060522,2172.86
20060523,2158.76
20060524,2169.17
20060525,2198.24
20060526,2210.37
20060529,
20060530,2164.74
20060531,2178.88
20060601,2219.86
20060602,2219.41
20060605,2169.62
20060606,2162.78
20060607,2151.8
20060608,2145.32
20060609,2135.06
20060612,2091.32
20060613,2072.47
20060614,2086
20060615,2144.15
20060616,2129.95
20060619,2110.42
20060620,2107.06
20060621,2141.2
20060622,2122.98
20060623,2121.47
20060626,2133.67
20060627,2100.25
20060628,2111.84
20060629,2174.38
20060630,2172.09
20060703,2190.43
20060704,
20060705,2153.34
20060706,2155.09
20060707,2130.06
20060710,2116.93
20060711,2128.86
20060712,2090.24
20060713,2054.11
20060714,2037.35
20060717,2037.72
20060718,2043.22
20060719,2080.71
20060720,2039.42
20060721,2020.39
20060724,2061.84
20060725,2073.9
20060726,2070.46
20060727,2054.47
20060728,2094.14
20060731,2091.47
20060801,2061.99
20060802,2078.81
20060803,2092.34
20060804,2085.05
20060807,2072.5
20060808,2060.85
20060809,2060.28
20060810,2071.74
20060811,2057.71
20060814,2069.04
20060815,2115.01
20060816,2149.54
20060817,2157.61
20060818,2163.95
20060821,2147.75
20060822,2150.02
20060823,2134.66
20060824,2137.11
20060825,2140.29
20060828,2160.7
20060829,2172.3
20060830,2185.73
20060831,2183.75
20060901,2193.16
20060904,
20060905,2205.7
20060906,2167.84
20060907,2155.29
20060908,2165.79
20060911,2173.25
20060912,2215.82
20060913,2227.67
20060914,2228.73
20060915,2235.59
20060918,2235.75
20060919,2222.37
20060920,2252.89
20060921,2237.75
20060922,2218.93
20060925,2249.07
20060926,2261.34
20060927,2263.39
20060928,2270.02
20060929,2258.43
20061002,2237.6
20061003,2243.65
20061004,2290.95
20061005,2306.34
20061006,2299.99
20061009,2311.77
20061010,2315.43
20061011,2308.27
20061012,2346.18
20061013,2357.29
20061016,2363.84
20061017,2344.95
20061018,2337.15
20061019,2340.94
20061020,2342.3
20061023,2355.56
20061024,2344.84
20061025,2356.59
20061026,2379.1
20061027,2350.62
20061030,2363.77
20061031,2366.71
20061101,2334.35
20061102,2334.02
20061103,2330.79
20061106,2365.95
20061107,2375.88
20061108,2384.94
20061109,2376.01
20061110,2389.72
20061113,2406.38
20061114,2430.66
20061115,2442.75
20061116,2449.06
20061117,2445.86
20061120,2452.72
20061121,2454.84
20061122,2465.98
20061123,
20061124,2460.26
20061127,2405.92
20061128,2412.61
20061129,2432.23
20061130,2431.77
20061201,2413.21
20061204,2448.39
20061205,2452.38
20061206,2445.86
20061207,2427.69
20061208,2437.36
20061211,2442.86
20061212,2431.6
20061213,2432.41
20061214,2453.85
20061215,2457.2
20061218,2435.57
20061219,2429.55
20061220,2427.61
20061221,2415.85
20061222,2401.18
20061225,
20061226,2413.51
20061227,2431.22
20061228,2425.57
20061229,2415.29
20070101,
20070102,
20070103,2423.16
20070104,2453.43
20070105,2434.25
20070108,2438.2
20070109,2443.83
20070110,2459.33
20070111,2484.85
20070112,2502.82
20070115,
20070116,2497.78
20070117,2479.42
20070118,2443.21
20070119,2451.31
20070122,2431.07
20070123,2431.41
20070124,2466.28
20070125,2434.24
20070126,2435.49
20070129,2441.09
20070130,2448.64
20070131,2463.93
20070201,2468.38
20070202,2475.88
20070205,2470.6
20070206,2471.49
20070207,2490.5
20070208,2488.67
20070209,2459.82
20070212,2450.38
20070213,2459.88
20070214,2488.38
20070215,2497.1
20070216,2496.31
20070219,
20070220,2513.04
20070221,2518.42
20070222,2524.94
20070223,2515.1
20070226,2504.52
20070227,2407.86
20070228,2416.15
20070301,2404.21
20070302,2368
20070305,2340.68
20070306,2385.14
20070307,2374.64
20070308,2387.73
20070309,2387.55
20070312,2402.29
20070313,2350.57
20070314,2371.74
20070315,2378.7
20070316,2372.66
20070319,2394.41
20070320,2408.21
20070321,2455.92
20070322,2451.74
20070323,2448.93
20070326,2455.63
20070327,2437.43
20070328,2417.1
20070329,2417.88
20070330,2421.64
20070402,2422.26
20070403,2450.33
20070404,2458.69
20070405,2471.34
20070406,
20070409,2469.18
20070410,2477.61
20070411,2459.31
20070412,2480.32
20070413,2491.94
20070416,2518.33
20070417,2516.95
20070418,2510.5
20070419,2505.35
20070420,2526.39
20070423,2523.67
20070424,2524.54
20070425,2547.89
20070426,2554.46
20070427,2557.21
20070430,2525.09
20070501,2531.53
20070502,2557.84
20070503,2565.46
20070504,2572.15
20070507,2570.95
20070508,2571.75
20070509,2576.34
20070510,2533.74
20070511,2562.22
20070514,2546.44
20070515,2525.29
20070516,2547.42
20070517,2539.38
20070518,2558.45
20070521,2578.79
20070522,2588.02
20070523,2577.05
20070524,2537.92
20070525,2557.19
20070528,
20070529,2572.06
20070530,2592.59
20070531,2604.52
20070601,2613.92
20070604,2618.29
20070605,2611.23
20070606,2587.18
20070607,2541.38
20070608,2573.54
20070611,2572.15
20070612,2549.77
20070613,2582.31
20070614,2599.41
20070615,2626.71
20070618,2626.6
20070619,2626.76
20070620,2599.96
20070621,2616.96
20070622,2588.96
20070625,2577.08
20070626,2574.16
20070627,2605.35
20070628,2608.37
20070629,2603.23
20070702,2632.3
20070703,2644.95
20070704,
20070705,2656.65
20070706,2666.51
20070709,2670.02
20070710,2639.16
20070711,2651.79
20070712,2701.73
20070713,2707
20070716,2697.33
20070717,2712.29
20070718,2699.49
20070719,2720.04
20070720,2687.6
20070723,2690.58
20070724,2639.86
20070725,2648.17
20070726,2599.34
20070727,2562.24
20070730,2583.28
20070731,2546.27
20070801,2553.87
20070802,2575.98
20070803,2511.25
20070806,2547.33
20070807,2561.6
20070808,2612.98
20070809,2556.49
20070810,2544.89
20070813,2542.24
20070814,2499.12
20070815,2458.83
20070816,2451.07
20070817,2505.03
20070820,2508.59
20070821,2521.3
20070822,2552.8
20070823,2541.7
20070824,2576.69
20070827,2561.25
20070828,2500.64
20070829,2563.16
20070830,2565.3
20070831,2596.36
20070903,
20070904,2630.24
20070905,2605.95
20070906,2614.32
20070907,2565.7
20070910,2559.11
20070911,2597.47
20070912,2592.07
20070913,2601.06
20070914,2602.18
20070917,2581.66
20070918,2651.66
20070919,2666.48
20070920,2654.29
20070921,2671.22
20070924,2667.95
20070925,2683.45
20070926,2699.03
20070927,2709.59
20070928,2701.5
20071001,2740.99
20071002,2747.11
20071003,2729.43
20071004,2733.57
20071005,2780.32
20071008,2787.37
20071009,2803.91
20071010,2811.61
20071011,2772.2
20071012,2805.68
20071015,2780.05
20071016,2763.91
20071017,2792.67
20071018,2799.31
20071019,2725.16
20071022,2753.93
20071023,2799.26
20071024,2774.76
20071025,2750.86
20071026,2804.19
20071029,2817.44
20071030,2816.71
20071031,2859.12
20071101,2794.83
20071102,2810.38
20071105,2795.18
20071106,2825.18
20071107,2748.76
20071108,2696
20071109,2627.94
20071112,2584.13
20071113,2673.65
20071114,2644.32
20071115,2618.51
20071116,2637.24
20071119,2593.38
20071120,2596.81
20071121,2562.15
20071122,
20071123,2596.6
20071126,2540.99
20071127,2580.8
20071128,2662.91
20071129,2668.13
20071130,2660.96
20071203,2637.13
20071204,2619.83
20071205,2666.36
20071206,2709.03
20071207,2706.16
20071210,2718.95
20071211,2652.35
20071212,2671.14
20071213,2668.49
20071214,2635.74
20071217,2574.46
20071218,2596.03
20071219,2601.01
20071220,2640.86
20071221,2691.99
20071224,2713.5
20071225,
20071226,2724.41
20071227,2676.79
20071228,2674.46
20071231,2652.28
20080101,
20080102,2609.63
20080103,2602.68
20080104,2504.65
20080107,2499.46
20080108,2440.51
20080109,2474.55
20080110,2488.52
20080111,2439.94
20080114,2478.3
20080115,2417.59
20080116,2394.59
20080117,2346.9
20080118,2340.02
20080121,
20080122,2292.27
20080123,2316.41
20080124,2360.92
20080125,2326.2
20080128,2349.91
20080129,2358.06
20080130,2349
20080131,2389.86
20080201,2413.36
20080204,2382.85
20080205,2309.57
20080206,2278.75
20080207,2293.03
20080208,2304.85
20080211,2320.06
20080212,2320.04
20080213,2373.93
20080214,2332.54
20080215,2321.8
20080218,
20080219,2306.2
20080220,2327.1
20080221,2299.78
20080222,2303.35
20080225,2327.48
20080226,2344.99
20080227,2353.78
20080228,2331.57
20080229,2271.48
20080303,2258.6
20080304,2260.28
20080305,2272.81
20080306,2220.5
20080307,2212.49
20080310,2169.34
20080311,2255.76
20080312,2243.87
20080313,2263.61
20080314,2212.49
20080317,2177.01
20080318,2268.26
20080319,2209.96
20080320,2258.11
20080321,
20080324,2326.75
20080325,2341.05
20080326,2324.36
20080327,2280.83
20080328,2261.18
20080331,2279.1
20080401,2362.75
20080402,2361.4
20080403,2363.3
20080404,2370.98
20080407,2364.83
20080408,2348.76
20080409,2322.12
20080410,2351.7
20080411,2290.24
20080414,2275.82
20080415,2286.04
20080416,2350.11
20080417,2341.83
20080418,2402.97
20080421,2408.04
20080422,2376.94
20080423,2405.21
20080424,2428.92
20080425,2422.93
20080428,2424.4
20080429,2426.1
20080430,2412.8
20080501,2480.71
20080502,2476.99
20080505,2464.12
20080506,2483.31
20080507,2438.49
20080508,2451.24
20080509,2445.52
20080512,2488.49
20080513,2495.12
20080514,2496.7
20080515,2533.73
20080516,2528.85
20080519,2516.09
20080520,2492.26
20080521,2448.27
20080522,2464.58
20080523,2444.67
20080526,
20080527,2481.24
20080528,2486.7
20080529,2508.32
20080530,2522.66
20080602,2491.53
20080603,2480.48
20080604,2503.14
20080605,2549.94
20080606,2474.56
20080609,2459.46
20080610,2448.94
20080611,2394.01
20080612,2404.35
20080613,2454.5
20080616,2474.78
20080617,2457.73
20080618,2429.71
20080619,2462.06
20080620,2406.09
20080623,2385.74
20080624,2368.28
20080625,2401.26
20080626,2321.37
20080627,2315.63
20080630,2292.98
20080701,2304.97
20080702,2251.46
20080703,2245.38
20080704,
20080707,2243.32
20080708,2294.44
20080709,2234.89
20080710,2257.85
20080711,2239.08
20080714,2212.87
20080715,2215.71
20080716,2284.85
20080717,2312.3
20080718,2282.78
20080721,2279.53
20080722,2303.96
20080723,2325.88
20080724,2280.11
20080725,2310.53
20080728,2264.22
20080729,2319.62
20080730,2329.72
20080731,2325.55
20080801,2310.96
20080804,2285.56
20080805,2349.83
20080806,2378.37
20080807,2355.73
20080808,2414.1
20080811,2439.95
20080812,2430.61
20080813,2428.62
20080814,2453.67
20080815,2452.52
20080818,2416.98
20080819,2384.36
20080820,2389.08
20080821,2380.38
20080822,2414.71
20080825,2365.59
20080826,2361.97
20080827,2382.46
20080828,2411.64
20080829,2367.52
20080901,
20080902,2349.24
20080903,2333.73
20080904,2259.04
20080905,2255.88
20080908,2269.76
20080909,2209.81
20080910,2228.7
20080911,2258.22
20080912,2261.27
20080915,2179.91
20080916,2207.9
20080917,2098.85
20080918,2199.1
20080919,2273.9
20080922,2178.98
20080923,2153.33
20080924,2155.68
20080925,2186.57
20080926,2183.34
20080929,1983.73
20080930,2091.88
20081001,2069.4
20081002,1976.72
20081003,1947.39
20081006,1862.96
20081007,1754.88
20081008,1740.33
20081009,1645.12
20081010,1649.51
20081013,1844.25
20081014,1779.01
20081015,1628.33
20081016,1717.71
20081017,1711.29
20081020,1770.03
20081021,1696.68
20081022,1615.75
20081023,1603.91
20081024,1552.03
20081027,1505.9
20081028,1649.47
20081029,1657.21
20081030,1698.52
20081031,1720.95
20081103,1726.33
20081104,1780.12
20081105,1681.64
20081106,1608.7
20081107,1647.4
20081110,1616.74
20081111,1580.9
20081112,1499.21
20081113,1596.7
20081114,1516.85
20081117,1482.05
20081118,1483.27
20081119,1386.42
20081120,1316.12
20081121,1384.35
20081124,1472.02
20081125,1464.73
20081126,1532.1
20081127,
20081128,1535.57
20081201,1398.07
20081202,1449.8
20081203,1492.38
20081204,1445.56
20081205,1509.31
20081208,1571.74
20081209,1547.34
20081210,1565.48
20081211,1507.88
20081212,1540.72
20081215,1508.34
20081216,1589.89
20081217,1579.31
20081218,1552.37
20081219,1564.32
20081222,1532.35
20081223,1521.54
20081224,1524.9
20081225,
20081226,1530.24
20081229,1510.32
20081230,1550.7
20081231,1577.03
20090101,
20090102,1632.21
20090105,1628.03
20090106,1652.38
20090107,1599.06
20090108,1617.01
20090109,1571.59
20090112,1538.79
20090113,1546.46
20090114,1489.64
20090115,1511.84
20090116,1529.33
20090119,
20090120,1440.86
20090121,1507.07
20090122,1465.49
20090123,1477.29
20090126,1489.46
20090127,1504.9
20090128,1558.34
20090129,1507.84
20090130,1476.42
20090202,1494.43
20090203,1516.3
20090204,1515.05
20090205,1546.24
20090206,1591.71
20090209,1591.56
20090210,1524.73
20090211,1530.5
20090212,1541.71
20090213,1534.36
20090216,
20090217,1470.66
20090218,1467.97
20090219,1442.82
20090220,1441.23
20090223,1387.72
20090224,1441.83
20090225,1425.43
20090226,1391.47
20090227,1377.84
20090302,1322.85
20090303,1321.01
20090304,1353.74
20090305,1299.59
20090306,1293.85
20090309,1268.64
20090310,1358.28
20090311,1371.64
20090312,1426.1
20090313,1431.5
20090316,1404.02
20090317,1462.11
20090318,1491.22
20090319,1483.48
20090320,1457.27
20090323,1555.77
20090324,1516.52
20090325,1528.95
20090326,1587
20090327,1545.2
20090330,1501.8
20090331,1528.59
20090401,1551.6
20090402,1602.63
20090403,1621.87
20090406,1606.71
20090407,1561.61
20090408,1590.66
20090409,1652.54
20090410,
20090413,1653.31
20090414,1625.72
20090415,1626.8
20090416,1670.44
20090417,1673.07
20090420,1608.21
20090421,1643.85
20090422,1646.12
20090423,1652.21
20090424,1694.29
20090427,1679.41
20090428,1673.81
20090429,1711.94
20090430,1717.3
20090501,1719.2
20090504,1763.56
20090505,1754.12
20090506,1759.1
20090507,1716.24
20090508,1739
20090511,1731.24
20090512,1715.92
20090513,1664.19
20090514,1689.21
20090515,1680.14
20090518,1732.36
20090519,1734.54
20090520,1727.84
20090521,1695.25
20090522,1692.01
20090525,
20090526,1750.43
20090527,1731.08
20090528,1751.79
20090529,1774.33
20090601,1828.68
20090602,1836.8
20090603,1825.92
20090604,1850.02
20090605,1849.42
20090608,1842.4
20090609,1860.13
20090610,1853.08
20090611,1862.37
20090612,1858.8
20090615,1816.38
20090616,1796.18
20090617,1808.06
20090618,1807.72
20090619,1827.47
20090622,1766.19
20090623,1764.92
20090624,1792.34
20090625,1829.54
20090626,1838.22
20090629,1844.06
20090630,1835.04
20090701,1845.72
20090702,1796.52
20090703,
20090706,1787.4
20090707,1746.17
20090708,1747.17
20090709,1752.55
20090710,1756.03
20090713,1793.21
20090714,1799.73
20090715,1862.9
20090716,1885.03
20090717,1886.61
20090720,1909.29
20090721,1916.2
20090722,1926.38
20090723,1973.6
20090724,1965.96
20090727,1967.89
20090728,1975.51
20090729,1967.76
20090730,1984.3
20090731,1978.5
20090803,2008.61
20090804,2011.31
20090805,1993.05
20090806,1973.16
20090807,2000.25
20090810,1992.24
20090811,1969.73
20090812,1998.72
20090813,2009.35
20090814,1985.52
20090817,1930.84
20090818,1955.92
20090819,1969.24
20090820,1989.22
20090821,2020.9
20090824,2017.98
20090825,2024.23
20090826,2024.43
20090827,2027.73
20090828,2028.77
20090831,2009.06
20090901,1968.89
20090902,1967.07
20090903,1983.2
20090904,2018.78
20090907,
20090908,2037.77
20090909,2060.39
20090910,2084.02
20090911,2080.9
20090914,2091.78
20090915,2102.64
20090916,2133.15
20090917,2126.75
20090918,2132.86
20090921,2138.04
20090922,2146.3
20090923,2131.42
20090924,2107.61
20090925,2090.92
20090928,2130.74
20090929,2124.04
20090930,2122.42
20091001,2057.48
20091002,2048.11
20091005,2068.15
20091006,2103.57
20091007,2110.33
20091008,2123.93
20091009,2139.28
20091012,2139.14
20091013,2139.89
20091014,2172.23
20091015,2173.29
20091016,2156.8
20091019,2176.32
20091020,2163.47
20091021,2150.73
20091022,2165.29
20091023,2154.47
20091026,2141.85
20091027,2116.09
20091028,2059.61
20091029,2097.55
20091030,2045.11
20091102,2049.2
20091103,2057.32
20091104,2055.52
20091105,2105.32
20091106,2112.44
20091109,2154.06
20091110,2151.08
20091111,2166.9
20091112,2149.02
20091113,2167.88
20091116,2197.85
20091117,2203.78
20091118,2193.14
20091119,2156.82
20091120,2146.04
20091123,2176.01
20091124,2169.18
20091125,2176.05
20091126,
20091127,2138.44
20091130,2144.6
20091201,2175.81
20091202,2185.03
20091203,2173.14
20091204,2194.35
20091207,2189.61
20091208,2172.99
20091209,2183.73
20091210,2190.86
20091211,2190.31
20091214,2212.1
20091215,2201.05
20091216,2206.91
20091217,2180.05
20091218,2211.69
20091221,2237.66
20091222,2252.67
20091223,2269.64
20091224,2285.69
20091225,
20091228,2291.08
20091229,2288.4
20091230,2291.28
20091231,2269.15
20100101,
20100104,2308.42
20100105,2308.71
20100106,2301.09
20100107,2300.05
20100108,2317.17
20100111,2312.41
20100112,2282.31
20100113,2307.9
20100114,2316.74
20100115,2287.99
20100118,
20100119,2320.4
20100120,2291.25
20100121,2265.7
20100122,2205.29
20100125,2210.8
20100126,2203.73
20100127,2221.41
20100128,2179
20100129,2147.35
20100201,2171.2
20100202,2190.06
20100203,2190.91
20100204,2125.43
20100205,2141.12
20100208,2126.05
20100209,2150.87
20100210,2147.87
20100211,2177.41
20100212,2183.53
20100215,
20100216,2214.19
20100217,2226.29
20100218,2241.71
20100219,2243.87
20100222,2242.03
20100223,2213.44
20100224,2235.9
20100225,2234.22
20100226,2238.26
20100301,2273.57
20100302,2280.79
20100303,2280.68
20100304,2292.31
20100305,2326.35
20100308,2332.21
20100309,2340.68
20100310,2358.95
20100311,2368.46
20100312,2367.66
20100315,2362.21
20100316,2378.01
20100317,2389.09
20100318,2391.28
20100319,2374.41
20100322,2395.4
20100323,2415.24
20100324,2398.76
20100325,2397.41
20100326,2395.13
20100329,2404.36
20100330,2410.69
20100331,2397.96
20100401,2402.58
20100402,
20100405,2429.53
20100406,2436.81
20100407,2431.16
20100408,2436.81
20100409,2454.05
20100412,2457.87
20100413,2465.99
20100414,2504.86
20100415,2515.69
20100416,2481.26
20100419,2480.11
20100420,2500.31
20100421,2504.61
20100422,2519.07
20100423,2530.15
20100426,2522.95
20100427,2471.47
20100428,2471.73
20100429,2511.92
20100430,2461.19
20100503,2498.74
20100504,2424.25
20100505,2402.29
20100506,2319.64
20100507,2265.64
20100510,2374.67
20100511,2375.31
20100512,2425.02
20100513,2394.36
20100514,2346.85
20100517,2354.23
20100518,2317.26
20100519,2298.37
20100520,2204.01
20100521,2229.04
20100524,2213.55
20100525,2210.95
20100526,2195.88
20100527,2277.68
20100528,2257.04
20100531,
20100601,2222.33
20100602,2281.07
20100603,2303.03
20100604,2219.17
20100607,2173.9
20100608,2170.57
20100609,2158.85
20100610,2218.71
20100611,2243.6
20100614,2243.96
20100615,2305.88
20100616,2305.93
20100617,2307.16
20100618,2309.8
20100621,2289.09
20100622,2261.8
20100623,2254.23
20100624,2217.42
20100625,2223.48
20100628,2220.65
20100629,2135.18
20100630,2109.24
20100701,2101.36
20100702,2091.79
20100705,
20100706,2093.88
20100707,2159.47
20100708,2175.4
20100709,2196.45
20100712,2198.36
20100713,2242.03
20100714,2249.84
20100715,2249.08
20100716,2179.05
20100719,2198.23
20100720,2222.49
20100721,2187.33
20100722,2245.89
20100723,2269.47
20100726,2296.43
20100727,2288.25
20100728,2264.56
20100729,2251.69
20100730,2254.7
20100802,2295.36
20100803,2283.52
20100804,2303.57
20100805,2293.06
20100806,2288.47
20100809,2305.69
20100810,2277.17
20100811,2208.63
20100812,2190.27
20100813,2173.48
20100816,2181.87
20100817,2209.44
20100818,2215.7
20100819,2178.95
20100820,2179.76
20100823,2159.63
20100824,2123.76
20100825,2141.54
20100826,2118.69
20100827,2153.63
20100830,2119.97
20100831,2114.03
20100901,2176.84
20100902,2200.01
20100903,2233.75
20100906,
20100907,2208.89
20100908,2228.87
20100909,2236.2
20100910,2242.48
20100913,2285.71
20100914,2289.77
20100915,2301.32
20100916,2303.25
20100917,2315.61
20100920,2355.83
20100921,2349.35
20100922,2334.55
20100923,2327.08
20100924,2381.22
20100927,2369.77
20100928,2379.59
20100929,2376.56
20100930,2368.62
20101001,2370.75
20101004,2344.52
20101005,2399.83
20101006,2380.66
20101007,2383.67
20101008,2401.91
20101011,2402.33
20101012,2417.92
20101013,2441.23
20101014,2435.38
20101015,2468.77
20101018,2480.66
20101019,2436.95
20101020,2457.39
20101021,2459.67
20101022,2479.39
20101025,2490.85
20101026,2497.29
20101027,2503.26
20101028,2507.37
20101029,2507.41
20101101,2504.84
20101102,2533.52
20101103,2540.27
20101104,2577.34
20101105,2578.98
20101108,2580.05
20101109,2562.98
20101110,2578.78
20101111,2555.52
20101112,2518.21
20101115,2513.82
20101116,2469.84
20101117,2476.01
20101118,2514.4
20101119,2518.12
20101122,2532.02
20101123,2494.95
20101124,2543.12
20101125,
20101126,2534.56
20101129,2525.22
20101130,2498.23
20101201,2549.43
20101202,2579.35
20101203,2591.46
20101206,2594.92
20101207,2598.49
20101208,2609.16
20101209,2616.67
20101210,2637.54
20101213,2624.91
20101214,2627.72
20101215,2617.22
20101216,2637.31
20101217,2642.97
20101220,2649.56
20101221,2667.61
20101222,2671.48
20101223,2665.6
20101224,
20101227,2667.27
20101228,2662.88
20101229,2666.93
20101230,2662.98
20101231,2652.87
20110103,2691.52
20110104,2681.25
20110105,2702.2
20110106,2709.89
20110107,2703.17
20110110,2707.8
20110111,2716.83
20110112,2737.33
20110113,2735.29
20110114,2755.3
20110117,
20110118,2765.85
20110119,2725.36
20110120,2704.29
20110121,2689.54
20110124,2717.55
20110125,2719.25
20110126,2739.5
20110127,2755.28
20110128,2686.89
20110131,2700.08
20110201,2751.19
20110202,2749.56
20110203,2753.88
20110204,2769.3
20110207,2783.99
20110208,2797.05
20110209,2789.07
20110210,2790.45
20110211,2809.44
20110214,2817.18
20110215,2804.35
20110216,2825.56
20110217,2831.58
20110218,2833.95
20110221,
20110222,2756.42
20110223,2722.99
20110224,2737.9
20110225,2781.05
20110228,2782.27
20110301,2737.41
20110302,2748.07
20110303,2798.74
20110304,2784.67
20110307,2745.63
20110308,2765.77
20110309,2751.72
20110310,2701.02
20110311,2715.61
20110314,2700.97
20110315,2667.33
20110316,2616.82
20110317,2636.05
20110318,2643.67
20110321,2692.09
20110322,2683.87
20110323,2698.3
20110324,2736.42
20110325,2743.06
20110328,2730.68
20110329,2756.89
20110330,2776.79
20110331,2781.07
20110401,2789.6
20110404,2789.19
20110405,2791.19
20110406,2799.82
20110407,2796.14
20110408,2780.41
20110411,2771.51
20110412,2744.79
20110413,2761.52
20110414,2760.22
20110415,2764.65
20110418,2735.38
20110419,2744.97
20110420,2802.51
20110421,2820.16
20110422,
20110425,2825.88
20110426,2847.54
20110427,2869.88
20110428,2872.53
20110429,2873.54
20110502,2864.08
20110503,2841.62
20110504,2828.23
20110505,2814.72
20110506,2827.56
20110509,2843.25
20110510,2871.89
20110511,2845.06
20110512,2863.04
20110513,2828.47
20110516,2782.31
20110517,2783.21
20110518,2815
20110519,2823.31
20110520,2803.32
20110523,2758.9
20110524,2746.16
20110525,2761.38
20110526,2782.92
20110527,2796.86
20110530,
20110531,2835.3
20110601,2769.19
20110602,2773.31
20110603,2732.78
20110606,2702.56
20110607,2701.56
20110608,2675.38
20110609,2684.87
20110610,2643.73
20110613,2639.69
20110614,2678.72
20110615,2631.46
20110616,2623.7
20110617,2616.48
20110620,2629.66
20110621,2687.26
20110622,2669.19
20110623,2686.75
20110624,2652.89
20110627,2688.28
20110628,2729.31
20110629,2740.49
20110630,2773.52
20110701,2816.03
20110704,
20110705,2825.77
20110706,2834.02
20110707,2872.66
20110708,2859.81
20110711,2802.62
20110712,2781.91
20110713,2796.92
20110714,2762.67
20110715,2789.8
20110718,2765.11
20110719,2826.52
20110720,2814.23
20110721,2834.43
20110722,2858.83
20110725,2842.8
20110726,2839.96
20110727,2764.79
20110728,2766.25
20110729,2756.38
20110801,2744.61
20110802,2669.24
20110803,2693.07
20110804,2556.39
20110805,2532.41
20110808,2357.69
20110809,2482.52
20110810,2381.05
20110811,2492.68
20110812,2507.98
20110815,2555.2
20110816,2523.45
20110817,2511.48
20110818,2380.43
20110819,2341.84
20110822,2345.38
20110823,2446.06
20110824,2467.69
20110825,2419.63
20110826,2479.85
20110829,2562.11
20110830,2576.11
20110831,2579.46
20110901,2546.04
20110902,2480.33
20110905,
20110906,2473.83
20110907,2548.94
20110908,2529.14
20110909,2467.99
20110912,2495.09
20110913,2532.15
20110914,2572.55
20110915,2607.07
20110916,2622.31
20110919,2612.83
20110920,2590.24
20110921,2538.19
20110922,2455.67
20110923,2483.23
20110926,2516.69
20110927,2546.83
20110928,2491.58
20110929,2480.76
20110930,2415.4
20111003,2335.83
20111004,2404.82
20111005,2460.51
20111006,2506.82
20111007,2479.35
20111010,2566.05
20111011,2583.03
20111012,2604.73
20111013,2620.24
20111014,2667.85
20111017,2614.92
20111018,2657.43
20111019,2604.04
20111020,2598.62
20111021,2637.46
20111024,2699.44
20111025,2638.42
20111026,2650.67
20111027,2738.63
20111028,2737.15
20111031,2684.41
20111101,2606.96
20111102,2639.98
20111103,2697.97
20111104,2686.15
20111107,2695.25
20111108,2727.49
20111109,2621.65
20111110,2625.15
20111111,2678.75
20111114,2657.22
20111115,2686.2
20111116,2639.61
20111117,2587.99
20111118,2572.5
20111121,2523.14
20111122,2521.28
20111123,2460.08
20111124,
20111125,2441.51
20111128,2527.34
20111129,2515.51
20111130,2620.34
20111201,2626.2
20111202,2626.93
20111205,2655.76
20111206,2649.56
20111207,2649.21
20111208,2596.38
20111209,2646.85
20111212,2612.26
20111213,2579.27
20111214,2539.31
20111215,2541.01
20111216,2555.33
20111219,2523.14
20111220,2603.73
20111221,2577.97
20111222,2599.45
20111223,2618.64
20111226,
20111227,2625.2
20111228,2589.98
20111229,2613.74
20111230,2605.15
20120102,
20120103,2648.72
20120104,2648.36
20120105,2669.86
20120106,2674.22
20120109,2676.56
20120110,2702.5
20120111,2710.76
20120112,2724.7
20120113,2710.67
20120116,
20120117,2728.08
20120118,2769.71
20120119,2788.33
20120120,2786.7
20120123,2784.17
20120124,2786.64
20120125,2818.31
20120126,2805.28
20120127,2816.55
20120130,2811.94
20120131,2813.84
20120201,2848.27
20120202,2859.68
20120203,2905.66
20120206,2901.99
20120207,2904.08
20120208,2915.86
20120209,2927.23
20120210,2903.88
20120213,2931.39
20120214,2931.83
20120215,2915.83
20120216,2959.85
20120217,2951.78
20120220,
20120221,2948.57
20120222,2933.17
20120223,2956.98
20120224,2963.75
20120227,2966.16
20120228,2986.76
20120229,2966.89
20120301,2988.97
20120302,2976.19
20120305,2950.48
20120306,2910.32
20120307,2935.69
20120308,2970.42
20120309,2988.34
20120312,2983.66
20120313,3039.88
20120314,3040.73
20120315,3056.37
20120316,3055.26
20120319,3078.32
20120320,3074.15
20120321,3075.32
20120322,3063.32
20120323,3067.92
20120326,3122.57
20120327,3120.35
20120328,3104.96
20120329,3095.36
20120330,3091.57
20120402,3119.7
20120403,3113.57
20120404,3068.09
20120405,3080.5
20120406,
20120409,3047.08
20120410,2991.22
20120411,3016.46
20120412,3055.55
20120413,3011.33
20120416,2988.4
20120417,3042.82
20120418,3031.45
20120419,3007.56
20120420,3000.45
20120423,2970.45
20120424,2961.6
20120425,3029.63
20120426,3050.61
20120427,3069.2
20120430,3046.36
20120501,3050.44
20120502,3059.85
20120503,3024.3
20120504,2956.34
20120507,2957.76
20120508,2946.27
20120509,2934.71
20120510,2933.64
20120511,2933.82
20120514,2902.58
20120515,2893.76
20120516,2874.04
20120517,2813.69
20120518,2778.79
20120521,2847.21
20120522,2839.08
20120523,2850.12
20120524,2839.38
20120525,2837.53
20120528,
20120529,2870.99
20120530,2837.36
20120531,2827.34
20120601,2747.48
20120604,2760.01
20120605,2778.11
20120606,2844.72
20120607,2831.02
20120608,2858.42
20120611,2809.73
20120612,2843.07
20120613,2818.61
20120614,2836.33
20120615,2872.8
20120618,2895.33
20120619,2929.76
20120620,2930.45
20120621,2859.09
20120622,2892.42
20120625,2836.17
20120626,2854.06
20120627,2875.32
20120628,2849.49
20120629,2935.06
20120702,2951.24
20120703,2976.09
20120704,
20120705,2976.12
20120706,2937.33
20120709,2931.77
20120710,2902.34
20120711,2887.99
20120712,2866.19
20120713,2908.47
20120716,2896.95
20120717,2910.04
20120718,2942.61
20120719,2965.9
20120720,2925.3
20120723,2890.16
20120724,2863
20120725,2854.25
20120726,2893.25
20120727,2958.09
20120730,2945.84
20120731,2939.52
20120801,2920.21
20120802,2909.77
20120803,2967.9
20120806,2989.91
20120807,3015.86
20120808,3011.25
20120809,3018.64
20120810,3020.86
20120813,3022.52
20120814,3016.98
20120815,3030.93
20120816,3062.39
20120817,3076.59
20120820,3076.21
20120821,3067.26
20120822,3073.67
20120823,3053.4
20120824,3069.79
20120827,3073.19
20120828,3077.14
20120829,3081.19
20120830,3048.71
20120831,3066.96
20120903,
20120904,3075.06
20120905,3069.27
20120906,3135.81
20120907,3136.42
20120910,3104.02
20120911,3104.53
20120912,3114.31
20120913,3155.83
20120914,3183.95
20120917,3178.67
20120918,3177.8
20120919,3182.62
20120920,3175.96
20120921,3179.96
20120924,3160.78
20120925,3117.73
20120926,3093.7
20120927,3136.6
20120928,3116.23
20121001,3113.53
20121002,3120.04
20121003,3135.23
20121004,3149.46
20121005,3136.19
20121008,3112.35
20121009,3065.02
20121010,3051.78
20121011,3049.41
20121012,3044.11
20121015,3064.18
20121016,3101.17
20121017,3104.12
20121018,3072.87
20121019,3005.62
20121022,3016.96
20121023,2990.46
20121024,2981.7
20121025,2986.12
20121026,2987.95
20121029,
20121030,
20121031,2977.23
20121101,3020.06
20121102,2982.13
20121105,2999.66
20121106,3011.93
20121107,2937.29
20121108,2895.58
20121109,2904.87
20121112,2904.26
20121113,2883.89
20121114,2846.81
20121115,2836.94
20121116,2853.13
20121119,2916.07
20121120,2916.68
20121121,2926.55
20121122,
20121123,2966.85
20121126,2976.78
20121127,2967.79
20121128,2991.78
20121129,3012.03
20121130,3010.24
20121203,3002.2
20121204,2996.69
20121205,2973.7
20121206,2989.27
20121207,2978.04
20121210,2986.96
20121211,3022.3
20121212,3013.81
20121213,2992.16
20121214,2971.33
20121217,3010.6
20121218,3054.53
20121219,3044.36
20121220,3050.39
20121221,3021.01
20121224,3012.6
20121225,
20121226,2990.16
20121227,2985.91
20121228,2960.31
20121231,3019.51
20130101,
20130102,3112.26
20130103,3100.57
20130104,3101.66
20130107,3098.81
20130108,3091.81
20130109,3105.81
20130110,3121.76
20130111,3125.63
20130114,3117.5
20130115,3110.78
20130116,3117.54
20130117,3136
20130118,3134.71
20130121,
20130122,3143.18
20130123,3153.67
20130124,3130.38
20130125,3149.71
20130128,3154.3
20130129,3153.66
20130130,3142.31
20130131,3142.13
20130201,3179.1
20130204,3131.17
20130205,3171.58
20130206,3168.48
20130207,3165.13
20130208,3193.87
20130211,3192
20130212,3186.49
20130213,3196.88
20130214,3198.66
20130215,3192.03
20130218,
20130219,3213.59
20130220,3164.41
20130221,3131.49
20130222,3161.82
20130225,3116.25
20130226,3129.65
20130227,3162.26
20130228,3160.19
20130301,3169.74
20130304,3182.03
20130305,3224.13
20130306,3222.37
20130307,3232.09
20130308,3244.37
20130311,3252.87
20130312,3242.32
20130313,3245.12
20130314,3258.93
20130315,3249.07
20130318,3237.59
20130319,3229.1
20130320,3254.19
20130321,3222.6
20130322,3245
20130325,3235.3
20130326,3252.48
20130327,3256.52
20130328,3267.52
20130329,
20130401,3239.17
20130402,3254.86
20130403,3218.6
20130404,3224.98
20130405,3203.86
20130408,3222.25
20130409,3237.86
20130410,3297.25
20130411,3300.16
20130412,3294.95
20130415,3216.49
20130416,3264.63
20130417,3204.67
20130418,3166.36
20130419,3206.06
20130422,3233.55
20130423,3269.33
20130424,3269.65
20130425,3289.99
20130426,3279.26
20130429,3307.02
20130430,3328.79
20130501,3299.13
20130502,3340.62
20130503,3378.63
20130506,3392.97
20130507,3396.63
20130508,3413.27
20130509,3409.17
20130510,3436.58
20130513,3438.79
20130514,3462.61
20130515,3471.62
20130516,3465.24
20130517,3498.97
20130520,3496.43
20130521,3502.12
20130522,3463.3
20130523,3459.42
20130524,3459.14
20130527,
20130528,3488.89
20130529,3467.52
20130530,3491.3
20130531,3455.91
20130603,3465.37
20130604,3445.26
20130605,3401.48
20130606,3424.05
20130607,3469.22
20130610,3473.77
20130611,3436.95
20130612,3400.43
20130613,3445.37
20130614,3423.56
20130617,3452.13
20130618,3482.18
20130619,3443.2
20130620,3364.63
20130621,3357.25
20130624,3320.76
20130625,3347.89
20130626,3376.22
20130627,3401.86
20130628,3403.25
20130701,3434.49
20130702,3433.4
20130703,3443.67
20130704,
20130705,3479.38
20130708,3484.83
20130709,3504.26
20130710,3520.76
20130711,3578.3
20130712,3600.08
20130715,3607.49
20130716,3598.5
20130717,3610
20130718,3611.28
20130719,3587.61
20130722,3600.39
20130723,3579.27
20130724,3579.6
20130725,3605.19
20130726,3613.16
20130729,3599.14
20130730,3616.47
20130731,3626.37
20130801,3675.74
20130802,3689.59
20130805,3692.95
20130806,3665.77
20130807,3654.01
20130808,3669.12
20130809,3660.11
20130812,3669.95
20130813,3684.44
20130814,3669.27
20130815,3606.12
20130816,3602.78
20130819,3589.09
20130820,3613.59
20130821,3599.79
20130822,3638.71
20130823,3657.79
20130826,3657.57
20130827,3578.52
20130828,3593.35
20130829,3620.3
20130830,3589.87
20130902,
20130903,3612.61
20130904,3649.04
20130905,3658.78
20130906,3660.01
20130909,3706.18
20130910,3729.02
20130911,3725.01
20130912,3715.97
20130913,3722.18
20130916,3717.85
20130917,3745.7
20130918,3783.64
20130919,3789.38
20130920,3774.73
20130923,3765.29
20130924,3768.25
20130925,3761.1
20130926,3787.43
20130927,3781.59
20130930,3771.48
20131001,3817.98
20131002,3815.02
20131003,3774.34
20131004,3807.75
20131007,3770.38
20131008,3694.83
20131009,3677.78
20131010,3760.75
20131011,3791.87
20131014,3815.27
20131015,3794.01
20131016,3839.43
20131017,3863.15
20131018,3914.28
20131021,3920.05
20131022,3929.57
20131023,3907.07
20131024,3928.96
20131025,3943.36
20131028,3940.13
20131029,3952.34
20131030,3930.62
20131031,3919.71
20131101,3922.04
20131104,3936.59
20131105,3939.86
20131106,3931.95
20131107,3857.33
20131108,3919.23
20131111,3919.79
20131112,3919.92
20131113,3965.58
20131114,3972.74
20131115,3985.97
20131118,3949.07
20131119,3931.55
20131120,3921.27
20131121,3969.15
20131122,3991.65
20131125,3994.57
20131126,4017.75
20131127,4044.75
20131128,
20131129,4059.89
20131202,4045.26
20131203,4037.2
20131204,4038
20131205,4033.16
20131206,4062.52
20131209,4068.75
20131210,4060.49
20131211,4003.81
20131212,3998.4
20131213,4000.98
20131216,4029.52
20131217,4023.68
20131218,4070.06
20131219,4058.13
20131220,4104.74
20131223,4148.9
20131224,4155.42
20131225,
20131226,4167.18
20131227,4156.59
20131230,4154.2
20131231,4176.59
20140101,
20140102,4143.07
20140103,4131.91
20140106,4113.68
20140107,4153.18
20140108,4165.61
20140109,4156.19
20140110,4174.66
20140113,4113.3
20140114,4183.02
20140115,4214.88
20140116,4218.69
20140117,4197.58
20140120,
20140121,4225.76
20140122,4243
20140123,4218.87
20140124,4128.17
20140127,4083.61
20140128,4097.96
20140129,4051.43
20140130,4123.13
20140131,4103.88
20140203,3996.96
20140204,4031.52
20140205,4011.55
20140206,4057.12
20140207,4125.86
20140210,4148.17
20140211,4191.04
20140212,4201.29
20140213,4240.67
20140214,4244.03
20140217,
20140218,4272.78
20140219,4237.95
20140220,4267.55
20140221,4263.41
20140224,4292.97
20140225,4287.59
20140226,4292.06
20140227,4318.93
20140228,4308.12
20140303,4277.3
20140304,4351.97
20140305,4357.97
20140306,4352.13
20140307,4336.22
20140310,4334.45
20140311,4307.19
20140312,4323.33
20140313,4260.42
20140314,4245.4
20140317,4279.95
20140318,4333.31
20140319,4307.6
20140320,4319.29
20140321,4276.79
20140324,4226.39
20140325,4234.27
20140326,4173.58
20140327,4151.23
20140328,4155.76
20140331,4198.99
20140401,4268.04
20140402,4276.46
20140403,4237.74
20140404,4127.73
20140407,4079.75
20140408,4112.99
20140409,4183.9
20140410,4054.11
20140411,3999.73
20140414,4022.69
20140415,4034.16
20140416,4086.23
20140417,4095.52
20140418,
20140421,4121.55
20140422,4161.46
20140423,4126.97
20140424,4148.34
20140425,4075.56
20140428,4074.4
20140429,4103.54
20140430,4114.56
20140501,4127.45
20140502,4123.9
20140505,4138.06
20140506,4080.76
20140507,4067.67
20140508,4051.5
20140509,4071.87
20140512,4143.86
20140513,4130.17
20140514,4100.63
20140515,4069.29
20140516,4090.59
20140519,4125.82
20140520,4096.89
20140521,4131.54
20140522,4154.34
20140523,4185.81
20140526,
20140527,4237.07
20140528,4225.07
20140529,4247.95
20140530,4242.62
20140602,4237.2
20140603,4234.08
20140604,4251.64
20140605,4296.23
20140606,4321.4
20140609,4336.24
20140610,4338
20140611,4331.93
20140612,4297.63
20140613,4310.65
20140616,4321.11
20140617,4337.23
20140618,4362.84
20140619,4359.33
20140620,4368.04
20140623,4368.68
20140624,4350.36
20140625,4379.76
20140626,4379.05
20140627,4397.93
20140630,4408.18
20140701,4458.65
20140702,4457.73
20140703,4485.93
20140704,
20140707,4451.53
20140708,4391.46
20140709,4419.03
20140710,4396.2
20140711,4415.49
20140714,4440.42
20140715,4416.39
20140716,4425.97
20140717,4363.45
20140718,4432.15
20140721,4424.7
20140722,4456.02
20140723,4473.7
20140724,4472.11
20140725,4449.56
20140728,4444.91
20140729,4442.7
20140730,4462.9
20140731,4369.77
20140801,4352.64
20140804,4383.89
20140805,4352.84
20140806,4355.05
20140807,4334.97
20140808,4370.9
20140811,4401.33
20140812,4389.25
20140813,4434.13
20140814,4453
20140815,4464.93
20140818,4508.31
20140819,4527.51
20140820,4526.48
20140821,4532.1
20140822,4538.55
20140825,4557.35
20140826,4570.64
20140827,4569.62
20140828,4557.69
20140829,4580.27
20140901,
20140902,4598.19
20140903,4572.57
20140904,4562.29
20140905,4582.9
20140908,4592.29
20140909,4552.29
20140910,4586.52
20140911,4591.81
20140912,4567.6
20140915,4518.9
20140916,4552.76
20140917,4562.19
20140918,4593.43
20140919,4579.79
20140922,4527.69
20140923,4508.69
20140924,4555.22
20140925,4466.75
20140926,4512.19
20140929,4505.85
20140930,4493.39
20141001,4422.09
20141002,4430.19
20141003,4475.62
20141006,4454.8
20141007,4385.2
20141008,4468.59
20141009,4378.34
20141010,4276.24
20141013,4213.66
20141014,4227.17
20141015,4215.32
20141016,4217.39
20141017,4258.44
20141020,4316.07
20141021,4419.48
20141022,4382.85
20141023,4452.79
20141024,4483.72
20141027,4485.93
20141028,4564.29
20141029,4549.23
20141030,4566.14
20141031,4630.74
20141103,4638.91
20141104,4623.64
20141105,4620.72
20141106,4638.47
20141107,4632.53
20141110,4651.62
20141111,4660.56
20141112,4675.13
20141113,4680.14
20141114,4688.54
20141117,4671
20141118,4702.44
20141119,4675.71
20141120,4701.87
20141121,4712.97
20141124,4754.89
20141125,4758.25
20141126,4787.32
20141127,
20141128,4791.63
20141201,4727.35
20141202,4755.81
20141203,4774.47
20141204,4769.44
20141205,4780.76
20141208,4740.69
20141209,4766.47
20141210,4684.03
20141211,4708.16
20141212,4653.6
20141215,4605.16
20141216,4547.83
20141217,4644.31
20141218,4748.4
20141219,4765.38
20141222,4781.42
20141223,4765.42
20141224,4773.47
20141225,
20141226,4806.86
20141229,4806.91
20141230,4777.44
20141231,4736.05
20150101,
20150102,4726.81
20150105,4652.57
20150106,4592.74
20150107,4650.47
20150108,4736.19
20150109,4704.07
20150112,4664.71
20150113,4661.5
20150114,4639.32
20150115,4570.82
20150116,4634.38
20150119,
20150120,4654.85
20150121,4667.42
20150122,4750.4
20150123,4757.88
20150126,4771.76
20150127,4681.5
20150128,4637.99
20150129,4683.41
20150130,4635.24
20150202,4676.69
20150203,4727.74
20150204,4716.7
20150205,4765.1
20150206,4744.4
20150209,4726.01
20150210,4787.64
20150211,4801.18
20150212,4857.61
20150213,4893.84
20150216,
20150217,4899.27
20150218,4906.36
20150219,4924.7
20150220,4955.97
20150223,4960.97
20150224,4968.12
20150225,4967.14
20150226,4987.89
20150227,4963.53
20150302,5008.1
20150303,4979.9
20150304,4967.14
20150305,4982.81
20150306,4927.37
20150309,4942.44
20150310,4859.79
20150311,4849.94
20150312,4893.29
20150313,4871.76
20150316,4929.51
20150317,4937.43
20150318,4982.83
20150319,4992.38
20150320,5026.42
20150323,5010.97
20150324,4994.73
20150325,4876.52
20150326,4863.36
20150327,4891.22
20150330,4947.44
20150331,4900.88
20150401,4880.23
20150402,4886.94
20150403,
20150406,4917.32
20150407,4910.23
20150408,4950.82
20150409,4974.56
20150410,4995.98
20150413,4988.25
20150414,4977.29
20150415,5011.02
20150416,5007.79
20150417,4931.81
20150420,4994.6
20150421,5014.1
20150422,5035.17
20150423,5056.06
20150424,5092.08
20150427,5060.25
20150428,5055.42
20150429,5023.64
20150430,4941.42
20150501,5005.39
20150504,5016.93
20150505,4939.33
20150506,4919.64
20150507,4945.54
20150508,5003.55
20150511,4993.57
20150512,4976.19
20150513,4981.69
20150514,5050.8
20150515,5048.29
20150518,5078.44
20150519,5070.03
20150520,5071.74
20150521,5090.79
20150522,5089.36
20150525,
20150526,5032.75
20150527,5106.59
20150528,5097.98
20150529,5070.03
20150601,5082.93
20150602,5076.52
20150603,5099.23
20150604,5059.12
20150605,5068.46
20150608,5021.63
20150609,5013.87
20150610,5076.69
20150611,5082.51
20150612,5051.1
20150615,5029.97
20150616,5055.55
20150617,5064.88
20150618,5132.95
20150619,5117
20150622,5153.97
20150623,5160.09
20150624,5122.41
20150625,5112.19
20150626,5080.51
20150629,4958.47
20150630,4986.87
20150701,5013.12
20150702,5009.21
20150703,
20150706,4991.94
20150707,4997.46
20150708,4909.76
20150709,4922.4
20150710,4997.7
20150713,5071.51
20150714,5104.89
20150715,5098.94
20150716,5163.18
20150717,5210.14
20150720,5218.86
20150721,5208.12
20150722,5171.77
20150723,5146.41
20150724,5088.63
20150727,5039.78
20150728,5089.21
20150729,5111.73
20150730,5128.78
20150731,5128.28
20150803,5115.38
20150804,5105.55
20150805,5139.94
20150806,5056.44
20150807,5043.54
20150810,5101.8
20150811,5036.79
20150812,5044.39
20150813,5033.56
20150814,5048.24
20150817,5091.7
20150818,5059.35
20150819,5019.05
20150820,4877.49
20150821,4706.04
20150824,4526.25
20150825,4506.49
20150826,4697.54
20150827,4812.71
20150828,4828.32
20150831,4776.51
20150901,4636.1
20150902,4749.98
20150903,4733.5
20150904,4683.92
20150907,
20150908,4811.93
20150909,4756.53
20150910,4796.25
20150911,4822.34
20150914,4805.76
20150915,4860.52
20150916,4889.24
20150917,4893.95
20150918,4827.23
20150921,4828.95
20150922,4756.72
20150923,4752.74
20150924,4734.48
20150925,4686.5
20150928,4543.97
20150929,4517.32
20150930,4620.16
20151001,4627.08
20151002,4707.78
20151005,4781.26
20151006,4748.36
20151007,4791.15
20151008,4810.79
20151009,4830.47
20151012,4838.64
20151013,4796.61
20151014,4782.85
20151015,4870.1
20151016,4886.69
20151019,4905.47
20151020,4880.97
20151021,4840.12
20151022,4920.05
20151023,5031.86
20151026,5034.7
20151027,5030.15
20151028,5095.69
20151029,5074.27
20151030,5053.75
20151102,5127.15
20151103,5145.13
20151104,5142.48
20151105,5127.74
20151106,5147.12
20151109,5095.3
20151110,5083.24
20151111,5067.02
20151112,5005.08
20151113,4927.88
20151116,4984.62
20151117,4986.01
20151118,5075.2
20151119,5073.64
20151120,5104.92
20151123,5102.48
20151124,5102.81
20151125,5116.14
20151126,
20151127,5127.52
20151130,5108.67
20151201,5156.31
20151202,5123.22
20151203,5037.53
20151204,5142.27
20151207,5101.81
20151208,5098.24
20151209,5022.87
20151210,5045.17
20151211,4933.47
20151214,4952.23
20151215,4995.36
20151216,5071.13
20151217,5002.55
20151218,4923.08
20151221,4968.92
20151222,5001.11
20151223,5045.93
20151224,5048.49
20151225,
20151228,5040.99
20151229,5107.94
20151230,5065.85
20151231,5007.41
20160101,
20160104,4903.09
20160105,4891.43
20160106,4835.76
20160107,4689.43
20160108,4643.63
20160111,4637.99
20160112,4685.92
20160113,4526.06
20160114,4615
20160115,4488.42
20160118,
20160119,4476.95
20160120,4471.69
20160121,4472.06
20160122,4591.18
20160125,4518.49
20160126,4567.67
20160127,4468.17
20160128,4506.68
20160129,4613.95
20160201,4620.37
20160202,4516.95
20160203,4504.24
20160204,4509.56
20160205,4363.14
20160208,4283.75
20160209,4268.76
20160210,4283.59
20160211,4266.84
20160212,4337.51
20160215,
20160216,4435.96
20160217,4534.06
20160218,4487.54
20160219,4504.43
20160222,4570.61
20160223,4503.58
20160224,4542.61
20160225,4582.2
20160226,4590.47
20160229,4557.95
20160301,4689.6
20160302,4703.42
20160303,4707.42
20160304,4717.02
20160307,4708.25
20160308,4648.82
20160309,4674.38
20160310,4662.16
20160311,4748.47
20160314,4750.28
20160315,4728.67
20160316,4763.97
20160317,4774.99
20160318,4795.65
20160321,4808.87
20160322,4821.66
20160323,4768.86
20160324,4773.5
20160325,
20160328,4766.79
20160329,4846.62
20160330,4869.29
20160331,4869.85
20160401,4914.54
20160404,4891.8
20160405,4843.93
20160406,4920.72
20160407,4848.37
20160408,4850.69
20160411,4833.4
20160412,4872.09
20160413,4947.42
20160414,4945.89
20160415,4938.22
20160418,4960.02
20160419,4940.33
20160420,4948.15
20160421,4945.93
20160422,4906.2
20160425,4895.79
20160426,4888.28
20160427,4863.14
20160428,4805.29
20160429,4775.36
20160502,4817.59
20160503,4763.22
20160504,4725.64
20160505,4717.09
20160506,4736.16
20160509,4750.21
20160510,4809.88
20160511,4760.69
20160512,4737.33
20160513,4717.68
20160516,4775.46
20160517,4715.73
20160518,4739.12
20160519,4712.53
20160520,4769.56
20160523,4765.78
20160524,4861.06
20160525,4894.89
20160526,4901.77
20160527,4933.5
20160530,
20160531,4948.05
20160601,4952.25
20160602,4971.36
20160603,4942.52
20160606,4968.71
20160607,4961.75
20160608,4974.64
20160609,4958.62
20160610,4894.55
20160613,4848.44
20160614,4843.55
20160615,4834.93
20160616,4844.91
20160617,4800.34
20160620,4837.21
20160621,4843.76
20160622,4833.32
20160623,4910.04
20160624,4707.98
20160627,4594.44
20160628,4691.87
20160629,4779.25
20160630,4842.67
20160701,4862.57
20160704,
20160705,4822.9
20160706,4859.16
20160707,4876.81
20160708,4956.76
20160711,4988.64
20160712,5022.82
20160713,5005.73
20160714,5034.06
20160715,5029.59
20160718,5055.78
20160719,5036.37
20160720,5089.93
20160721,5073.9
20160722,5100.16
20160725,5097.63
20160726,5110.05
20160727,5139.81
20160728,5154.98
20160729,5162.13
20160801,5184.2
20160802,5137.73
20160803,5159.74
20160804,5166.25
20160805,5221.12
20160808,5213.14
20160809,5225.48
20160810,5204.58
20160811,5228.4
20160812,5232.89
20160815,5262.02
20160816,5227.11
20160817,5228.66
20160818,5240.15
20160819,5238.38
20160822,5244.6
20160823,5260.08
20160824,5217.69
20160825,5212.2
20160826,5218.92
20160829,5232.33
20160830,5222.99
20160831,5213.22
20160901,5227.21
20160902,5249.9
20160905,
20160906,5275.91
20160907,5283.93
20160908,5259.48
20160909,5125.91
20160912,5211.89
20160913,5155.25
20160914,5173.77
20160915,5249.69
20160916,5244.57
20160919,5235.03
20160920,5241.35
20160921,5295.18
20160922,5339.52
20160923,5305.75
20160926,5257.49
20160927,5305.71
20160928,5318.55
20160929,5269.15
20160930,5312
20161003,5300.87
20161004,5289.66
20161005,5316.02
20161006,5306.85
20161007,5292.4
20161010,5328.67
20161011,5246.79
20161012,5239.02
20161013,5213.33
20161014,5214.16
20161017,5199.82
20161018,5243.84
20161019,5246.41
20161020,5241.83
20161021,5257.4
20161024,5309.83
20161025,5283.4
20161026,5250.27
20161027,5215.97
20161028,5190.1
20161031,5189.13
20161101,5153.58
20161102,5105.57
20161103,5058.41
20161104,5046.37
20161107,5166.17
20161108,5193.49
20161109,5251.07
20161110,5208.8
20161111,5237.11
20161114,5218.4
20161115,5275.62
20161116,5294.58
20161117,5333.97
20161118,5321.51
20161121,5368.86
20161122,5386.35
20161123,5380.68
20161124,
20161125,5398.92
20161128,5368.81
20161129,5379.92
20161130,5323.68
20161201,5251.11
20161202,5255.65
20161205,5308.89
20161206,5333
20161207,5393.76
20161208,5417.36
20161209,5444.5
20161212,5412.54
20161213,5463.83
20161214,5436.67
20161215,5456.85
20161216,5437.16
20161219,5457.44
20161220,5483.94
20161221,5471.43
20161222,5447.42
20161223,5462.69
20161226,
20161227,5487.44
20161228,5438.56
20161229,5432.09
20161230,5383.12
20170102,
20170103,5429.08
20170104,5477
20170105,5487.94
20170106,5521.06
20170109,5531.82
20170110,5551.82
20170111,5563.65
20170112,5547.49
20170113,5574.12
20170116,
20170117,5538.73
20170118,5555.65
20170119,5540.08
20170120,5555.33
20170123,5552.94
20170124,5600.96
20170125,5656.34
20170126,5655.18
20170127,5660.78
20170130,5613.71
20170131,5614.79
20170201,5642.65
20170202,5636.2
20170203,5666.77
20170206,5663.55
20170207,5674.22
20170208,5682.45
20170209,5715.18
20170210,5734.13
20170213,5763.96
20170214,5782.57
20170215,5819.44
20170216,5814.9
20170217,5838.58
20170220,
20170221,5865.95
20170222,5860.63
20170223,5835.51
20170224,5845.31
20170227,5861.9
20170228,5825.44
20170301,5904.03
20170302,5861.22
20170303,5870.75
20170306,5849.17
20170307,5833.93
20170308,5837.55
20170309,5838.81
20170310,5861.73
20170313,5875.78
20170314,5856.82
20170315,5900.05
20170316,5900.76
20170317,5901
20170320,5901.53
20170321,5793.83
20170322,5821.64
20170323,5817.69
20170324,5828.74
20170327,5840.37
20170328,5875.14
20170329,5897.55
20170330,5914.34
20170331,5911.74
20170403,5894.68
20170404,5898.61
20170405,5864.48
20170406,5878.95
20170407,5877.81
20170410,5880.93
20170411,5866.77
20170412,5836.16
20170413,5805.15
20170414,
20170417,5856.79
20170418,5849.47
20170419,5863.03
20170420,5916.78
20170421,5910.52
20170424,5983.82
20170425,6025.49
20170426,6025.23
20170427,6048.94
20170428,6047.61
20170501,6091.6
20170502,6095.37
20170503,6072.55
20170504,6075.34
20170505,6100.76
20170508,6102.66
20170509,6120.59
20170510,6129.14
20170511,6115.96
20170512,6121.23
20170515,6149.67
20170516,6169.87
20170517,6011.24
20170518,6055.13
20170519,6083.7
20170522,6133.62
20170523,6138.71
20170524,6163.02
20170525,6205.26
20170526,6210.19
20170529,
20170530,6203.19
20170531,6198.52
20170601,6246.83
20170602,6305.8
20170605,6295.68
20170606,6275.06
20170607,6297.38
20170608,6321.76
20170609,6207.92
20170612,6175.46
20170613,6220.37
20170614,6194.89
20170615,6165.5
20170616,6151.76
20170619,6239.01
20170620,6188.03
20170621,6233.95
20170622,6236.69
20170623,6265.25
20170626,6247.15
20170627,6146.62
20170628,6234.41
20170629,6144.35
20170630,6140.42
20170703,6110.06
20170704,
20170705,6150.86
20170706,6089.46
20170707,6153.08
20170710,6176.39
20170711,6193.3
20170712,6261.17
20170713,6274.44
20170714,6312.47
20170717,6314.43
20170718,6344.31
20170719,6385.04
20170720,6390
20170721,6387.75
20170724,6410.81
20170725,6412.17
20170726,6422.75
20170727,6382.19
20170728,6374.68
20170731,6348.12
20170801,6362.94
20170802,6362.65
20170803,6340.34
20170804,6351.56
20170807,6383.77
20170808,6370.46
20170809,6352.33
20170810,6216.87
20170811,6256.56
20170814,6340.23
20170815,6333.01
20170816,6345.11
20170817,6221.91
20170818,6216.53
20170821,6213.13
20170822,6297.48
20170823,6278.41
20170824,6271.33
20170825,6265.64
20170828,6283.02
20170829,6301.89
20170830,6368.31
20170831,6428.66
20170901,6435.33
20170904,
20170905,6375.57
20170906,6393.31
20170907,6397.87
20170908,6360.19
20170911,6432.26
20170912,6454.28
20170913,6460.19
20170914,6429.08
20170915,6448.47
20170918,6454.64
20170919,6461.32
20170920,6456.04
20170921,6422.69
20170922,6426.92
20170925,6370.59
20170926,6380.16
20170927,6453.26
20170928,6453.45
20170929,6495.96
20171002,6516.72
20171003,6531.71
20171004,6534.63
20171005,6585.36
20171006,6590.18
20171009,6579.73
20171010,6587.25
20171011,6603.55
20171012,6591.51
20171013,6605.8
20171016,6624
20171017,6623.66
20171018,6624.22
20171019,6605.07
20171020,6629.05
20171023,6586.83
20171024,6598.43
20171025,6563.89
20171026,6556.77
20171027,6701.26
20171030,6698.96
20171031,6727.67
20171101,6716.53
20171102,6714.94
20171103,6764.44
20171106,6786.44
20171107,6767.78
20171108,6789.12
20171109,6750.05
20171110,6750.94
20171113,6757.6
20171114,6737.87
20171115,6706.21
20171116,6793.29
20171117,6782.79
20171120,6790.71
20171121,6862.48
20171122,6867.36
20171123,
20171124,6889.16
20171127,6878.52
20171128,6912.36
20171129,6824.34
20171130,6873.97
20171201,6847.59
20171204,6775.37
20171205,6762.21
20171206,6776.38
20171207,6812.84
20171208,6840.08
20171211,6875.08
20171212,6862.32
20171213,6875.8
20171214,6856.53
20171215,6936.58
20171218,6994.76
20171219,6963.85
20171220,6960.96
20171221,6965.36
20171222,6959.96
20171225,
20171226,6936.25
20171227,6939.34
20171228,6950.16
20171229,6903.39
20180101,
20180102,7006.9
20180103,7065.53
20180104,7077.91
20180105,7136.56
20180108,7157.39
20180109,7163.58
20180110,7153.57
20180111,7211.78
20180112,7261.06
20180115,
20180116,7223.69
20180117,7298.28
20180118,7296.05
20180119,7336.38
20180122,7408.03
20180123,7460.29
20180124,7415.06
20180125,7411.16
20180126,7505.77
20180129,7466.51
20180130,7402.48
20180131,7411.48
20180201,7385.86
20180202,7240.95
20180205,6967.53
20180206,7115.88
20180207,7051.98
20180208,6777.16
20180209,6874.49
20180212,6981.96
20180213,7013.51
20180214,7143.62
20180215,7256.43
20180216,7239.47
20180219,
20180220,7234.31
20180221,7218.23
20180222,7210.09
20180223,7337.39
20180226,7421.46
20180227,7330.35
20180228,7273.01
20180301,7180.56
20180302,7257.87
20180305,7330.7
20180306,7372.01
20180307,7396.65
20180308,7427.95
20180309,7560.81
20180312,7588.32
20180313,7511.01
20180314,7496.81
20180315,7481.74
20180316,7481.99
20180319,7344.24
20180320,7364.3
20180321,7345.29
20180322,7166.68
20180323,6992.67
20180326,7220.54
20180327,7008.81
20180328,6949.23
20180329,7063.44
20180330,
20180402,6870.12
20180403,6941.28
20180404,7042.11
20180405,7076.55
20180406,6915.11
20180409,6950.34
20180410,7094.3
20180411,7069.03
20180412,7140.25
20180413,7106.65
20180416,7156.28
20180417,7281.1
20180418,7295.24
20180419,7238.06
20180420,7146.13
20180423,7128.6
20180424,7007.35
20180425,7003.74
20180426,7118.68
20180427,7119.8
20180430,7066.27
20180501,7130.7
20180502,7100.9
20180503,7088.15
20180504,7209.62
20180507,7265.21
20180508,7266.9
20180509,7339.91
20180510,7404.97
20180511,7402.88
20180514,7411.32
20180515,7351.63
20180516,7398.3
20180517,7382.47
20180518,7354.34
20180521,7394.04
20180522,7378.46
20180523,7425.96
20180524,7424.43
20180525,7433.85
20180528,
20180529,7396.59
20180530,7462.45
20180531,7442.12
20180601,7554.33
20180604,7606.46
20180605,7637.86
20180606,7689.24
20180607,7635.07
20180608,7645.51
20180611,7659.93
20180612,7703.79
20180613,7695.7
20180614,7761.04
20180615,7746.38
20180618,7747.03
20180619,7725.59
20180620,7781.51
20180621,7712.95
20180622,7692.82
20180625,7532.01
20180626,7561.63
20180627,7445.08
20180628,7503.68
20180629,7510.3
20180702,7567.69
20180703,7502.67
20180704,
20180705,7586.43
20180706,7688.39
20180709,7756.2
20180710,7759.2
20180711,7716.61
20180712,7823.92
20180713,7825.98
20180716,7805.72
20180717,7855.12
20180718,7854.44
20180719,7825.3
20180720,7820.2
20180723,7841.87
20180724,7840.77
20180725,7932.24
20180726,7852.18
20180727,7737.42
20180730,7630
20180731,7671.79
20180801,7707.29
20180802,7802.69
20180803,7812.01
20180806,7859.68
20180807,7883.66
20180808,7888.33
20180809,7891.78
20180810,7839.11
20180813,7819.71
20180814,7870.89
20180815,7774.12
20180816,7806.52
20180817,7816.33
20180820,7821.01
20180821,7859.17
20180822,7889.1
20180823,7878.46
20180824,7945.98
20180827,8017.9
20180828,8030.04
20180829,8109.69
20180830,8088.36
20180831,8109.54
20180903,
20180904,8091.25
20180905,7995.17
20180906,7922.73
20180907,7902.54
20180910,7924.16
20180911,7972.47
20180912,7954.23
20180913,8013.71
20180914,8010.04
20180917,7895.79
20180918,7956.11
20180919,7950.04
20180920,8028.23
20180921,7986.96
20180924,7993.25
20180925,8007.47
20180926,7990.37
20180927,8041.97
20180928,8046.35
20181001,8037.3
20181002,7999.55
20181003,8025.09
20181004,7879.51
20181005,7788.45
20181008,7735.95
20181009,7738.02
20181010,7422.05
20181011,7329.06
20181012,7496.89
20181015,7430.74
20181016,7645.49
20181017,7642.7
20181018,7485.14
20181019,7449.03
20181022,7468.63
20181023,7437.54
20181024,7108.4
20181025,7318.34
20181026,7167.21
20181029,7050.29
20181030,7161.65
20181031,7305.9
20181101,7434.06
20181102,7356.99
20181105,7328.85
20181106,7375.96
20181107,7570.75
20181108,7530.88
20181109,7406.9
20181112,7200.87
20181113,7200.87
20181114,7136.39
20181115,7259.03
20181116,7247.87
20181119,7028.48
20181120,6908.82
20181121,6972.25
20181122,
20181123,6938.98
20181126,7081.85
20181127,7082.7
20181128,7291.59
20181129,7273.08
20181130,7330.54
20181203,7441.51
20181204,7158.43
20181205,
20181206,7188.26
20181207,6969.25
20181210,7020.52
20181211,7031.83
20181212,7098.31
20181213,7070.33
20181214,6910.66
20181217,6753.73
20181218,6783.91
20181219,6636.83
20181220,6528.41
20181221,6332.99
20181224,6192.92
20181225,
20181226,6554.36
20181227,6579.49
20181228,6584.52
20181231,6635.28
20190101,
20190102,6665.94
20190103,6463.5
20190104,6738.86
20190107,6823.47
20190108,6897
20190109,6957.08
20190110,6986.07
20190111,6971.48
20190114,6905.92
20190115,7023.83
20190116,7034.69
20190117,7084.46
20190118,7157.23
20190121,
20190122,7020.36
20190123,7025.77
20190124,7073.46
20190125,7164.86
20190128,7085.68
20190129,7028.29
20190130,7183.08
20190131,7281.74
20190201,7263.87
20190204,7347.54
20190205,7402.08
20190206,7375.28
20190207,7288.35
20190208,7298.2
20190211,7307.9
20190212,7414.62
20190213,7420.38
20190214,7426.95
20190215,7472.41
20190218,
20190219,7486.77
20190220,7489.07
20190221,7459.71
20190222,7527.54
20190225,7554.46
20190226,7549.3
20190227,7554.51
20190228,7532.53
20190301,7595.35
20190304,7577.57
20190305,7576.36
20190306,7505.92
20190307,7421.46
20190308,7408.14
20190311,7558.06
20190312,7591.03
20190313,7643.41
20190314,7630.91
20190315,7688.53
20190318,7714.48
20190319,7723.95
20190320,7728.97
20190321,7838.96
20190322,7642.67
20190325,7637.54
20190326,7691.52
20190327,7643.38
20190328,7669.17
20190329,7729.32
20190401,7828.91
20190402,7848.69
20190403,7895.55
20190404,7891.78
20190405,7938.69
20190408,7953.88
20190409,7909.28
20190410,7964.24
20190411,7947.36
20190412,7984.16
20190415,7976.01
20190416,8000.23
20190417,7996.08
20190418,7998.06
20190419,7998.063
20190422,8015.27
20190423,8120.82
20190424,8102.01
20190425,8106.29
20190426,8133.96
20190429,8149.39
20190430,8095.39
20190501,8049.64
20190502,8036.77
20190503,8164
20190506,8123.29
20190507,7963.76
20190508,7943.32
20190509,7910.59
20190510,7916.94
20190513,7647.02
20190514,7734.49
20190515,7822.15
20190516,7898.05
20190517,7816.28
20190520,7702.38
20190521,7785.72
20190522,7750.84
20190523,7628.28
20190524,7637.01
20190527,
20190528,7607.35
20190529,7547.31
20190530,7567.72
20190531,7453.15
20190603,7333.02
20190604,7527.12
20190605,7575.48
20190606,7615.55
20190607,7742.1
20190610,7823.17
20190611,7822.57
20190612,7792.72
20190613,7837.13
20190614,7796.66
20190617,7845.02
20190618,7953.88
20190619,7987.32
20190620,8051.34
20190621,8031.71
20190624,8005.7
20190625,7884.72
20190626,7909.97
20190627,7967.76
20190628,8006.24
20190701,8091.16
20190702,8109.09
20190703,8170.23
20190704,
20190705,8161.79
20190708,8098.38
20190709,8141.73
20190710,8202.53
20190711,8196.04
20190712,8244.14
20190715,8258.19
20190716,8222.8
20190717,8185.21
20190718,8207.24
20190719,8146.49
20190722,8204.14
20190723,8251.4
20190724,8321.5
20190725,8238.54
20190726,8330.21
20190729,8293.33
20190730,8273.61
20190731,8175.42
20190801,8111.12
20190802,8004.07
20190805,7726.04
20190806,7833.27
20190807,7862.83
20190808,8039.16
20190809,7959.14
20190812,7863.41
20190813,8016.36
20190814,7773.94
20190815,7766.62
20190816,7895.99
20190819,8002.81
20190820,7948.56
20190821,8020.21
20190822,7991.39
20190823,7751.77
20190826,7853.74
20190827,7826.95
20190828,7856.88
20190829,7973.39
20190830,7962.88
20190902,
20190903,7874.16
20190904,7976.88
20190905,8116.83
20190906,8103.07
20190909,8087.44
20190910,8084.16
20190911,8169.68
20190912,8194.47
20190913,8176.71
20190916,8153.54
20190917,8186.02
20190918,8177.39
20190919,8182.88
20190920,8117.67
20190923,8112.46
20190924,7993.63
20190925,8077.38
20190926,8030.66
20190927,7939.63
20190930,7999.33
20191001,7908.67
20191002,7785.23
20191003,7872.25
20191004,7982.46
20191007,7956.28
20191008,7823.76
20191009,7903.73
20191010,7950.77
20191011,8057.04
20191014,8048.65
20191015,8148.71
20191016,8124.18
20191017,8156.85
20191018,8089.54
20191021,8162.99
20191022,8104.3
20191023,8119.79
20191024,8185.8
20191025,8243.12
20191028,8325.99
20191029,8276.85
20191030,8303.98
20191031,8292.36
20191101,8386.4
20191104,8433.2
20191105,8434.68
20191106,8410.63
20191107,8434.52
20191108,8475.31
20191111,8464.28
20191112,8486.09
20191113,8482.1
20191114,8479.02
20191115,8540.83
20191118,8549.94
20191119,8570.66
20191120,8526.73
20191121,8506.21
20191122,8519.88
20191125,8632.49
20191126,8647.93
20191127,8705.18
20191128,
20191129,8665.47
20191202,8567.99
20191203,8520.64
20191204,8566.67
20191205,8570.7
20191206,8656.53
20191209,8621.83
20191210,8616.18
20191211,8654.05
20191212,8717.32
20191213,8734.88
20191216,8814.23
20191217,8823.36
20191218,8827.73
20191219,8887.22
20191220,8924.96
20191223,8945.65
20191224,8952.88
20191225,
20191226,9022.39
20191227,9006.62
20191230,8945.99
20191231,8972.6
20200101,
20200102,9092.19
20200103,9020.77
20200106,9071.46
20200107,9068.58
20200108,9129.24
20200109,9203.43
20200110,9178.86
20200113,9273.93
20200114,9251.33
20200115,9258.7
20200116,9357.13
20200117,9388.94
20200120,
20200121,9370.81
20200122,9383.77
20200123,9402.48
20200124,9314.91
20200127,9139.31
20200128,9269.68
20200129,9275.16
20200130,9298.93
20200131,9150.94
20200203,9273.4
20200204,9467.97
20200205,9508.68
20200206,9572.15
20200207,9520.51
20200210,9628.39
20200211,9638.94
20200212,9725.96
20200213,9711.97
20200214,9731.18
20200217,
20200218,9732.74
20200219,9817.18
20200220,9750.96
20200221,9576.59
20200224,9221.28
20200225,8965.61
20200226,8980.77
20200227,8566.48
20200228,8567.37
20200302,8952.16
20200303,8684.09
20200304,9018.09
20200305,8738.6
20200306,8575.62
20200309,7950.68
20200310,8344.25
20200311,7952.05
20200312,7201.8
20200313,7874.88
20200316,6904.59
20200317,7334.78
20200318,6989.84
20200319,7150.58
20200320,6879.52
20200323,6860.67
20200324,7417.86
20200325,7384.3
20200326,7797.54
20200327,7502.38
20200330,7774.15
20200331,7700.1
20200401,7360.58
20200402,7487.31
20200403,7373.08
20200406,7913.24
20200407,7887.26
20200408,8090.9
20200409,8153.58
20200410,
20200413,8192.42
20200414,8515.74
20200415,8393.18
20200416,8532.36
20200417,8650.14
20200420,8560.73
20200421,8263.23
20200422,8495.38
20200423,8494.75
20200424,8634.52
20200427,8730.16
20200428,8607.73
20200429,8914.71
20200430,8889.55
20200501,8604.95
20200504,8710.71
20200505,8809.12
20200506,8854.39
20200507,8979.66
20200508,9121.32
20200511,9192.34
20200512,9002.55
20200513,8863.17
20200514,8943.72
20200515,9014.56
20200518,9234.83
20200519,9185.1
20200520,9375.78
20200521,9284.88
20200522,9324.59
20200525,
20200526,9340.22
20200527,9412.36
20200528,9368.99
20200529,9489.87
20200601,9552.05
20200602,9608.37
20200603,9682.91
20200604,9615.81
20200605,9814.08
20200608,9924.74
20200609,9953.75
20200610,10020.35
20200611,9492.73
20200612,9588.81
20200615,9726.02
20200616,9895.87
20200617,9910.53
20200618,9943.05
20200619,9946.12
20200622,10056.47
20200623,10131.37
20200624,9909.17
20200625,10017
20200626,9757.22
20200629,9874.15
20200630,10058.77
20200701,10154.63
20200702,10207.63
20200703,
20200706,10433.65
20200707,10343.89
20200708,10492.5
20200709,10547.75
20200710,10617.44
20200713,10390.84
20200714,10488.58
20200715,10550.49
20200716,10473.83
20200717,10503.19
20200720,10767.09
20200721,10680.36
20200722,10706.13
20200723,10461.42
20200724,10363.18
20200727,10536.27
20200728,10402.09
20200729,10542.94
20200730,10587.81
20200731,10745.27
20200803,10902.8
20200804,10941.17
20200805,10998.4
20200806,11108.07
20200807,11010.98
20200810,10968.36
20200811,10782.82
20200812,11012.24
20200813,11042.5
20200814,11019.3
20200817,11129.73
20200818,11210.84
20200819,11146.46
20200820,11264.95
20200821,11311.8
20200824,11379.72
20200825,11466.47
20200826,11665.06
20200827,11625.34
20200828,11695.63
20200831,11775.46
20200901,11939.67
20200902,12056.44
20200903,11458.1
20200904,11313.13
20200907,
20200908,10847.69
20200909,11141.56
20200910,10919.59
20200911,10853.55
20200914,11056.65
20200915,11190.32
20200916,11050.47
20200917,10910.28
20200918,10793.28
20200921,10778.94
20200922,10963.77
20200923,10633.15
20200924,10672.43
20200925,10913.73
20200928,11117.7
20200929,11085.42
20200930,11167.68
20201001,11326.61
20201002,11075.11
20201005,11332.58
20201006,11154.7
20201007,11364.7
20201008,11421.08
20201009,11580.05
20201012,11876.36
20201013,11864
20201014,11768.83
20201015,11713.97
20201016,11671.66
20201019,11478.98
20201020,11516.49
20201021,11484.69
20201022,11506.01
20201023,11548.28
20201026,11358.94
20201027,11431.35
20201028,11004.87
20201029,11185.59
20201030,10911.59
20201102,10957.61
20201103,11160.57
20201104,11590.78
20201105,11890.93
20201106,11895.23
20201109,11713.78
20201110,11553.86
20201111,11786.43
20201112,11709.59
20201113,11829.29
20201116,11924.13
20201117,11899.34
20201118,11801.6
20201119,11904.71
20201120,11854.97
20201123,11881.17
20201124,12037.33
20201125,12094.4
20201126,
20201127,12205.85
20201130,12198.74
20201201,12355.11
20201202,12349.37
20201203,12377.18
20201204,12464.23
20201207,12519.95
20201208,12582.77
20201209,12338.95
20201210,12405.81
20201211,12377.87
20201214,12440.04
20201215,12595.06
20201216,12658.19
20201217,12764.75
20201218,12755.64
20201221,12742.52
20201222,12807.92
20201223,12771.11
20201224,12804.73
20201225,
20201228,12899.42
20201229,12850.22
20201230,12870
20201231,12888.28
20210101,
20210104,12698.45
20210105,12818.96
20210106,12740.79
20210107,13067.48
20210108,13201.98
20210111,13036.43
20210112,13072.43
20210113,13128.95
20210114,13112.64
20210115,12998.5
20210118,
20210119,13197.18
20210120,13457.25
20210121,13530.91
20210122,13543.06
20210125,13635.99
20210126,13626.06
20210127,13270.6
20210128,13337.16
20210129,13070.69
20210201,13403.39
20210202,13612.78
20210203,13610.54
20210204,13777.74
20210205,13856.3
20210208,13987.64
20210209,14007.7
20210210,13972.53
20210211,14025.77
20210212,14095.47
20210215,
20210216,14047.5
20210217,13965.5
20210218,13865.36
20210219,13874.47
20210222,13533.05
20210223,13465.2
20210224,13597.97
20210225,13119.43
20210226,13192.35
20210301,13588.83
20210302,13358.79
20210303,12997.75
20210304,12723.47
20210305,12920.15
20210308,12609.16
20210309,13073.82
20210310,13068.83
20210311,13398.67
20210312,13319.86
20210315,13459.71
20210316,13471.57
20210317,13525.2
20210318,13116.17
20210319,13215.24
20210322,13377.54
20210323,13227.7
20210324,12961.89
20210325,12977.68
20210326,13138.72
20210329,13059.65
20210330,13045.39
20210331,13246.87
20210401,13480.11
20210402,
20210405,13705.59
20210406,13698.38
20210407,13688.84
20210408,13829.31
20210409,13900.19
20210412,13850
20210413,13996.1
20210414,13857.84
20210415,14038.76
20210416,14052.34
20210419,13914.77
20210420,13786.27
20210421,13950.22
20210422,13818.41
20210423,14016.81
20210426,14138.78
20210427,14090.22
20210428,14051.03
20210429,14082.55
20210430,13962.68
20210503,13895.12
20210504,13633.5
20210505,13582.42
20210506,13632.84
20210507,13752.24
20210510,13401.86
20210511,13389.43
20210512,13031.68
20210513,13124.99
20210514,13429.98
20210517,13379.05
20210518,13303.64
20210519,13299.74
20210520,13535.74
20210521,13470.99
20210524,13661.17
20210525,13657.17
20210526,13738
20210527,13736.28
20210528,13748.74
20210531,
20210601,13736.48
20210602,13756.33
20210603,13614.51
20210604,13814.49
20210607,13881.72
20210608,13924.91
20210609,13911.75
20210610,14020.33
20210611,14069.42
20210614,14174.14
20210615,14072.86
20210616,14039.68
20210617,14161.35
20210618,14030.38
20210621,14141.48
20210622,14253.27
20210623,14271.73
20210624,14369.71
20210625,14360.39
20210628,14500.51
20210629,14528.33
20210630,14503.95
20210701,14522.38
20210702,14639.33
20210705,
20210706,14663.64
20210707,14665.06
20210708,14559.78
20210709,14701.92
20210712,14733.24
20210713,14677.65
20210714,14644.95
20210715,14543.13
20210716,14427.24
20210719,14274.98
20210720,14498.88
20210721,14631.95
20210722,14684.6
20210723,14836.99
20210726,14840.71
20210727,14660.58
20210728,14762.58
20210729,14778.26
20210730,14672.68
20210802,14681.07
20210803,14761.29
20210804,14780.53
20210805,14895.12
20210806,14835.76
20210809,14860.18
20210810,14788.09
20210811,14765.14
20210812,14816.26
20210813,14822.9
20210816,14793.76
20210817,14656.18
20210818,14525.91
20210819,14541.79
20210820,14714.66
20210823,14942.65
20210824,15019.8
20210825,15041.86
20210826,14945.81
20210827,15129.5
20210830,15265.89
20210831,15259.24
20210901,15309.38
20210902,15331.18
20210903,15363.52
20210906,
20210907,15374.33
20210908,15286.64
20210909,15248.25
20210910,15115.49
20210913,15105.58
20210914,15037.76
20210915,15161.53
20210916,15181.92
20210917,15043.97
20210920,14713.9
20210921,14746.4
20210922,14896.85
20210923,15052.24
20210924,15047.7
20210927,14969.97
20210928,14546.68
20210929,14512.44
20210930,14448.58
20211001,14566.7
20211004,14255.48
20211005,14433.83
20211006,14501.91
20211007,14654.02
20211008,14579.54
20211011,14486.2
20211012,14465.92
20211013,14571.64
20211014,14823.43
20211015,14897.34
20211018,15021.81
20211019,15129.09
20211020,15121.68
20211021,15215.7
20211022,15090.2
20211025,15226.71
20211026,15235.71
20211027,15235.84
20211028,15448.12
20211029,15498.39
20211101,15595.92
20211102,15649.6
20211103,15811.58
20211104,15940.31
20211105,15971.59
20211108,15982.36
20211109,15886.54
20211110,15622.71
20211111,15704.28
20211112,15860.96
20211115,15853.85
20211116,15973.86
20211117,15921.57
20211118,15993.71
20211119,16057.44
20211122,15854.76
20211123,15775.14
20211124,15845.23
20211125,
20211126,15491.66
20211129,15782.83
20211130,15537.69
20211201,15254.05
20211202,15381.32
20211203,15085.47
20211206,15225.15
20211207,15686.92
20211208,15786.99
20211209,15517.37
20211210,15630.6
20211213,15413.28
20211214,15237.64
20211215,15565.58
20211216,15180.43
20211217,15169.68
20211220,14980.94
20211221,15341.09
20211222,15521.89
20211223,15653.37
20211224,
20211227,15871.26
20211228,15781.72
20211229,15766.22
20211230,15741.56
20211231,15644.97
20220103,15832.8
20220104,15622.72
20220105,15100.17
20220106,15080.86
20220107,14935.9
20220110,14942.83
20220111,15153.45
20220112,15188.39
20220113,14806.81
20220114,14893.75
20220117,
20220118,14506.9
20220119,14340.26
20220120,14154.02
20220121,13768.92
20220124,13855.13
20220125,13539.29
20220126,13542.12
20220127,13352.78
20220128,13770.57
20220131,14239.88
20220201,14346
20220202,14417.55
20220203,13878.82
20220204,14098.01
20220207,14015.67
20220208,14194.45
20220209,14490.37
20220210,14185.64
20220211,13791.15
20220214,13790.92
20220215,14139.76
20220216,14124.09
20220217,13716.72
20220218,13548.07
20220221,
20220222,13381.52
20220223,13037.49
20220224,13473.59
20220225,13694.62
20220228,13751.4
20220301,13532.46
20220302,13752.02
20220303,13537.94
20220304,13313.44
20220307,12830.96
20220308,12795.55
20220309,13255.55
20220310,13129.96
20220311,12843.81
20220314,12581.22
20220315,12948.62
20220316,13436.55
20220317,13614.78
20220318,13893.84
20220321,13838.46
20220322,14108.82
20220323,13922.6
20220324,14191.84
20220325,14169.3
20220328,14354.9
20220329,14619.64
20220330,14442.27
20220331,14220.52
20220401,14261.5
20220404,14532.55
20220405,14204.17
20220406,13888.82
20220407,13897.3
20220408,13711
20220411,13411.96
20220412,13371.57
20220413,13643.59
20220414,13351.08
20220415,
20220418,13332.36
20220419,13619.66
20220420,13453.07
20220421,13174.65
20220422,12839.29
20220425,13004.85
20220426,12490.74
20220427,12488.93
20220428,12871.53
20220429,12334.64
20220502,12536.02
20220503,12563.76
20220504,12964.86
20220505,12317.69
20220506,12144.66
20220509,11623.25
20220510,11737.67
20220511,11364.24
20220512,11370.96
20220513,11805
20220516,11662.79
20220517,11984.52
20220518,11418.15
20220519,11388.5
20220520,11354.62
20220523,11535.27
20220524,11264.45
20220525,11434.74
20220526,11740.65
20220527,12131.13
20220530,
20220531,12081.39
20220601,11994.46
20220602,12316.9
20220603,12012.73
20220606,12061.37
20220607,12175.23
20220608,12086.27
20220609,11754.23
20220610,11340.02
20220613,10809.23
20220614,10828.35
20220615,11099.15
20220616,10646.1
20220617,10798.35
20220620,
20220621,11069.3
20220622,11053.08
20220623,11232.19
20220624,11607.62
20220627,11524.55
20220628,11181.54
20220629,11177.89
20220630,11028.74
20220701,11127.85
20220704,
20220705,11322.24
20220706,11361.85
20220707,11621.35
20220708,11635.31
20220711,11372.6
20220712,11264.73
20220713,11247.58
20220714,11251.19
20220715,11452.42
20220718,11360.05
20220719,11713.15
20220720,11897.65
20220721,12059.61
20220722,11834.11
20220725,11782.67
20220726,11562.57
20220727,12032.42
20220728,12162.59
20220729,12390.69
20220801,12368.98
20220802,12348.76
20220803,12668.16
20220804,12720.58
20220805,12657.55
20220808,12644.46
20220809,12493.93
20220810,12854.8
20220811,12779.91
20220812,13047.19
20220815,13128.05
20220816,13102.55
20220817,12938.12
20220818,12965.34
20220819,12705.22
20220822,12381.57
20220823,12381.3
20220824,12431.53
20220825,12639.27
20220826,12141.71
20220829,12017.67
20220830,11883.14
20220831,11816.2
20220901,11785.13
20220902,11630.86
20220905,
20220906,11544.91
20220907,11791.9
20220908,11862.13
20220909,12112.31
20220912,12266.41
20220913,11633.57
20220914,11719.68
20220915,11552.36
20220916,11448.4
20220919,11535.02
20220920,11425.05
20220921,11220.19
20220922,11066.81
20220923,10867.93
20220926,10802.92
20220927,10829.5
20220928,11051.64
20220929,10737.51
20220930,10575.62
20221003,10815.43
20221004,11176.41
20221005,11148.64
20221006,11073.31
20221007,10652.4
20221010,10542.1
20221011,10426.19
20221012,10417.1
20221013,10649.15
20221014,10321.39
20221017,10675.8
20221018,10772.4
20221019,10680.51
20221020,10614.84
20221021,10859.72
20221024,10952.61
20221025,11199.12
20221026,10970.99
20221027,10792.67
20221028,11102.45
20221031,10988.15
20221101,10890.85
20221102,10524.8
20221103,10342.94
20221104,10475.25
20221107,10564.52
20221108,10616.2
20221109,10353.17
20221110,11114.15
20221111,11323.33
20221114,11196.22
20221115,11358.41
20221116,11183.66
20221117,11144.96
20221118,11146.06
20221121,11024.51
20221122,11174.41
20221123,11285.32
20221124,
20221125,11226.36
20221128,11049.5
20221129,10983.78
20221130,11468
20221201,11482.45
20221202,11461.5
20221205,11239.94
20221206,11014.89
20221207,10958.55
20221208,11082
20221209,11004.62
20221212,11143.74
20221213,11256.81
20221214,11170.89
20221215,10810.53
20221216,10705.41
20221219,10546.03
20221220,10547.11
20221221,10709.37
20221222,10476.12
20221223,10497.86
20221226,
20221227,10353.23
20221228,10213.29
20221229,10478.09
20221230,10466.48
20230102,
20230103,10386.98
20230104,10458.76
20230105,10305.24
20230106,10569.29
20230109,10635.65
20230110,10742.63
20230111,10931.67
20230112,11001.1
20230113,11079.16
20230116,
20230117,11095.11
20230118,10957.01
20230119,10852.27
20230120,11140.43
20230123,11364.41
20230124,11334.27
20230125,11313.36
20230126,11512.41
20230127,11621.71
20230130,11393.81
20230131,11584.55
20230201,11816.32
20230202,12200.82
20230203,12006.95
20230206,11887.45
20230207,12113.79
20230208,11910.52
20230209,11789.58
20230210,11718.12
20230213,11891.79
20230214,11960.15
20230215,12070.59
20230216,11855.83
20230217,11787.27
20230220,
20230221,11492.3
20230222,11507.07
20230223,11590.4
20230224,11394.94
20230227,11466.98
20230228,11455.54
20230301,11379.48
20230302,11462.98
20230303,11689.01
20230306,11675.74
20230307,11530.33
20230308,11576
20230309,11338.35
20230310,11138.89
20230313,11188.84
20230314,11428.15
20230315,11434.05
20230316,11717.28
20230317,11630.51
20230320,11675.54
20230321,11860.11
20230322,11669.96
20230323,11787.4
20230324,11823.96
20230327,11768.84
20230328,11716.08
20230329,11926.24
20230330,12013.47
20230331,12221.91
20230403,12189.45
20230404,12126.33
20230405,11996.86
20230406,12087.96
20230407,
20230410,12084.36
20230411,12031.88
20230412,11929.34
20230413,12166.27
20230414,12123.47
20230417,12157.72
20230418,12153.41
20230419,12157.23
20230420,12059.56
20230421,12072.46
20230424,12037.2
20230425,11799.16
20230426,11854.35
20230427,12142.24
20230428,12226.58
20230501,12212.6
20230502,12080.51
20230503,12025.33
20230504,11966.4
20230505,12235.41
20230508,12256.92
20230509,12179.55
20230510,12306.44
20230511,12328.51
20230512,12284.74
20230515,12365.21
20230516,12343.05
20230517,12500.57
20230518,12688.84
20230519,12657.9
20230522,12720.78
20230523,12560.25
20230524,12484.16
20230525,12698.09
20230526,12975.69
20230529,
20230530,13017.43
20230531,12935.29
20230601,13100.98
20230602,13240.77
20230605,13229.43
20230606,13276.42
20230607,13104.89
20230608,13238.52
20230609,13259.14
20230612,13461.92
20230613,13573.32
20230614,13626.48
20230615,13782.82
20230616,13689.57
20230619,
20230620,13667.29
20230621,13502.2
20230622,13630.61
20230623,13492.52
20230626,13335.78
20230627,13555.67
20230628,13591.75
20230629,13591.33
20230630,13787.92
20230703,13816.77
20230704,
20230705,13791.65
20230706,13679.04
20230707,13660.72
20230710,13685.48
20230711,13760.7
20230712,13918.96
20230713,14138.57
20230714,14113.7
20230717,14244.95
20230718,14353.64
20230719,14358.02
20230720,14063.31
20230721,14032.81
20230724,14058.87
20230725,14144.56
20230726,14127.28
20230727,14050.11
20230728,14316.66
20230731,14346.02
20230801,14283.91
20230802,13973.45
20230803,13959.72
20230804,13892.07
20230807,13977.12
20230808,13867.19
20230809,13705.08
20230810,13721.03
20230811,13644.85
20230814,13788.33
20230815,13631.05
20230816,13474.63
20230817,13316.93
20230818,13290.78
20230821,13497.59
20230822,13505.87
20230823,13721.03
20230824,13463.97
20230825,13590.65
20230828,13705.13
20230829,13943.76
20230830,14019.31
20230831,14034.97
20230901,14031.81
20230904,
20230905,14020.95
20230906,13872.47
20230907,13748.83
20230908,13761.53
20230911,13917.91
20230912,13773.63
20230913,13813.59
20230914,13926.05
20230915,13708.33
20230918,13710.24
20230919,13678.19
20230920,13469.13
20230921,13223.98
20230922,13211.81
20230925,13271.32
20230926,13063.61
20230927,13092.85
20230928,13201.28
20230929,13219.32
20231002,13307.77
20231003,13059.47
20231004,13236.01
20231005,13219.83
20231006,13431.34
20231009,13484.24
20231010,13562.84
20231011,13659.68
20231012,13574.22
20231013,13407.23
20231016,13567.98
20231017,13533.75
20231018,13314.3
20231019,13186.18
20231020,12983.81
20231023,13018.33
20231024,13139.87
20231025,12821.22
20231026,12595.61
20231027,12643.01
20231030,12789.48
20231031,12851.24
20231101,13061.47
20231102,13294.19
20231103,13478.28
20231106,13518.78
20231107,13639.86
20231108,13650.41
20231109,13521.45
20231110,13798.11
20231113,13767.74
20231114,14094.38
20231115,14103.84
20231116,14113.67
20231117,14125.48
20231120,14284.53
20231121,14199.98
20231122,14265.86
20231123,
20231124,14250.85
20231127,14241.02
20231128,14281.76
20231129,14258.49
20231130,14226.22
20231201,14305.03
20231204,14185.49
20231205,14229.91
20231206,14146.71
20231207,14339.99
20231208,14403.97
20231211,14432.49
20231212,14533.4
20231213,14733.96
20231214,14761.56
20231215,14813.92
20231218,14905.19
20231219,15003.22
20231220,14777.94
20231221,14963.87
20231222,14992.97
20231225,
20231226,15074.57
20231227,15099.18
20231228,15095.14
20231229,15011.35
20240101,
20240102,14765.94
20240103,14592.21
20240104,14510.3
20240105,14524.07
20240108,14843.77
20240109,14857.71
20240110,14969.65
20240111,14970.19
20240112,14972.76
20240115,
20240116,14944.35
20240117,14855.62
20240118,15055.65
20240119,15310.97
20240122,15360.29
20240123,15425.94
20240124,15481.92
20240125,15510.5
20240126,15455.36
20240129,15628.04
20240130,15509.9
20240131,15164.01
20240201,15361.64
20240202,15628.95
20240205,15597.68
20240206,15609
20240207,15756.64
20240208,15793.71
20240209,15990.66
20240212,15942.55
20240213,15655.6
20240214,15859.15
20240215,15906.17
20240216,15775.65
20240219,
20240220,15630.78
20240221,15580.87
20240222,16041.62
20240223,15996.82
20240226,15976.25
20240227,16035.3
20240228,15947.74
20240229,16091.92
20240301,16274.94
20240304,16207.51
20240305,15939.59
20240306,16031.54
20240307,16273.38
20240308,16085.11
20240311,16019.27
20240312,16265.64
20240313,16177.77
20240314,16128.53
20240315,15973.17
20240318,16103.45
20240319,16166.79
20240320,16369.41
20240321,16401.84
20240322,16428.82
20240325,16384.47
20240326,16315.7
20240327,16399.52
20240328,16379.46
20240329,
20240401,16396.83
20240402,16240.45
20240403,16277.46
20240404,16049.08
20240405,16248.52
20240408,16253.96
20240409,16306.64
20240410,16170.36
20240411,16442.2
20240412,16175.09
20240415,15885.02
20240416,15865.25
20240417,15683.37
20240418,15601.5
20240419,15282.01
20240422,15451.31
20240423,15696.64
20240424,15712.75
20240425,15611.76
20240426,15927.9
20240429,15983.08
20240430,15657.82
20240501,15605.48
20240502,15840.96
20240503,16156.33
20240506,16349.25
20240507,16332.56
20240508,16302.76
20240509,16346.26
20240510,16340.87
20240513,16388.24
20240514,16511.18
20240515,16742.39
20240516,16698.32
20240517,16685.97
20240520,16794.87
20240521,16832.62
20240522,16801.54
20240523,16736.03
20240524,16920.79
20240527,
20240528,17019.88
20240529,16920.58
20240530,16737.08
20240531,16735.02
20240603,16828.67
20240604,16857.05
20240605,17187.9
20240606,17173.12
20240607,17133.13
20240610,17192.53
20240611,17343.55
20240612,17608.44
20240613,17667.56
20240614,17688.88
20240617,17857.02
20240618,17862.23
20240619,
20240620,17721.59
20240621,17689.36
20240624,17496.82
20240625,17717.65
20240626,17805.16
20240627,17858.68
20240628,17732.6
20240701,17879.3
20240702,18028.76
20240703,18188.3
20240704,
20240705,18352.76
20240708,18403.74
20240709,18429.29
20240710,18647.45
20240711,18283.41
20240712,18398.45
20240715,18472.57
20240716,18509.34
20240717,17996.92
20240718,17871.22
20240719,17726.94
20240722,18007.57
20240723,17997.35
20240724,17342.41
20240725,17181.72
20240726,17357.88
20240729,17370.2
20240730,17147.42
20240731,17599.4
20240801,17194.15
20240802,16776.16
20240805,16200.08
20240806,16366.85
20240807,16195.81
20240808,16660.02
20240809,16745.3
20240812,16780.61
20240813,17187.61
20240814,17192.6
20240815,17594.5
20240816,17631.72
20240819,17876.77
20240820,17816.94
20240821,17918.99
20240822,17619.35
20240823,17877.79
20240826,17725.76
20240827,17754.82
20240828,17556.03
20240829,17516.43
20240830,17713.62
20240902,
20240903,17136.3
20240904,17084.3
20240905,17127.66
20240906,16690.83
20240909,16884.6
20240910,17025.88
20240911,17395.53
20240912,17569.68
20240913,17683.98
20240916,17592.13
20240917,17628.06
20240918,17573.3
20240919,18013.98
20240920,17948.32
20240923,17974.27
20240924,18074.52
20240925,18082.21
20240926,18190.29
20240927,18119.59
20240930,18189.17
20241001,17910.36
20241002,17925.12
20241003,17918.48
20241004,18137.85
20241007,17923.9
20241008,18182.92
20241009,18291.62
20241010,18282.05
20241011,18342.94
20241014,18502.69
20241015,18315.59
20241016,18367.08
20241017,18373.61
20241018,18489.55
20241021,18540
20241022,18573.13
20241023,18276.65
20241024,18415.49
20241025,18518.61
20241028,18567.19
20241029,18712.75
20241030,18607.93
20241031,18095.15
20241101,18239.92
20241104,18179.98
20241105,18439.17
20241106,18983.47
20241107,19269.46
20241108,19286.78
20241111,19298.76
20241112,19281.4
20241113,19230.73
20241114,19107.65
20241115,18680.12
20241118,18791.81
20241119,18987.47
20241120,18966.14
20241121,18972.42
20241122,19003.65
20241125,19054.84
20241126,19175.58
20241127,19060.48
20241128,
20241129,19218.17
20241202,19403.95
20241203,19480.91
20241204,19735.12
20241205,19700.72
20241206,19859.77
20241209,19736.69
20241210,19687.24
20241211,20034.89
20241212,19902.84
20241213,19926.72
20241216,20173.89
20241217,20109.06
20241218,19392.69
20241219,19372.77
20241220,19572.6
20241223,19764.89
20241224,20031.13
20241225,
20241226,20020.36
20241227,19722.03
20241230,19486.78
20241231,19310.79
20250101,
20250102,19280.79
20250103,19621.68
20250106,19864.98
20250107,19489.68
20250108,19478.88
20250109,
20250110,19161.63
20250113,19088.1
20250114,19044.39
20250115,19511.23
20250116,19338.29
20250117,19630.2
20250120,
20250121,19756.78
20250122,20009.34
20250123,20053.68
20250124,19954.3
20250127,19341.83
20250128,19733.59
20250129,19632.32
20250130,19681.75
20250131,19627.44
20250203,19391.96
20250204,19654.02
20250205,19692.33
20250206,19791.99
20250207,19523.4
20250210,19714.27
20250211,19643.86
20250212,19649.95
20250213,19945.64
20250214,20026.77
20250217,
20250218,20041.26
20250219,20056.25
20250220,19962.36
20250221,19524.01
20250224,19286.92
20250225,19026.39
20250226,19075.26
20250227,18544.42
20250228,18847.28
20250303,18350.19
20250304,18285.16
20250305,18552.73
20250306,18069.26
20250307,18196.22
20250310,17468.32
20250311,17436.1
20250312,17648.45
20250313,17303.01
20250314,17754.09
20250317,17808.66
20250318,17504.12
20250319,17750.79
20250320,17691.63
20250321,17784.05
20250324,18188.59
20250325,18271.86
20250326,17899.01
20250327,17804.03
20250328,17322.99
20250331,17299.29
20250401,17449.89
20250402,17601.05
20250403,16550.61
20250404,15587.79
20250407,15603.26
20250408,15267.91
20250409,17124.97
20250410,16387.31
20250411,16724.46
20250414,16831.48
20250415,16823.17
20250416,16307.16
20250417,16286.45
20250418,
20250421,15870.9
20250422,16300.42
20250423,16708.05
20250424,17166.04
20250425,17382.94
20250428,17366.13
20250429,17461.32
20250430,17446.34
20250501,17710.74
20250502,17977.73
20250505,17844.24
20250506,17689.66
20250507,17738.16
20250508,17928.14
20250509,17928.92
20250512,18708.34
20250513,19010.08
20250514,19146.81
20250515,19112.32
20250516,19211.1
20250519,19215.46
20250520,19142.71
20250521,18872.64
20250522,18925.73
20250523,18737.21
20250526,
20250527,19199.16
20250528,19100.94
20250529,19175.87
20250530,19113.77
20250602,19242.61
20250603,19398.96
20250604,19460.49
20250605,19298.45
20250606,19529.95
20250609,19591.24
20250610,19714.99
20250611,19615.88
20250612,19662.48
20250613,19406.83
20250616,19701.21
20250617,19521.09
20250618,19546.27
20250619,
20250620,19447.41
20250623,19630.97
20250624,19912.53
20250625,19973.55
20250626,20167.91
20250627,20273.46
20250630,20369.73
20250701,20202.89
20250702,20393.13
20250703,20601.1
20250704,
20250707,20412.52
20250708,20418.46
20250709,20611.34
20250710,20630.66
20250711,20585.53
20250714,20640.33
20250715,20677.8
20250716,20730.49
20250717,20885.65
20250718,20895.66
20250721,20974.17
20250722,20892.68
20250723,21020.02
20250724,21057.96
20250725,21108.32
20250728,21178.58
20250729,21098.29
20250730,21129.67
20250731,21122.45
20250801,20650.13
20250804,21053.58
20250805,20916.55
20250806,21169.42
20250807,21242.7
20250808,21450.02
20250811,21385.4
20250812,21681.9
20250813,21713.14
20250814,21710.67
20250815,21622.98
20250818,21629.77
20250819,21314.95
20250820,21172.86
20250821,21100.31
20250822,21496.53
20250825,21449.29
20250826,21544.27
20250827,21590.14
20250828,21705.16
20250829,21455.55
20250901,
20250902,21279.63
20250903,21497.73
20250904,21707.69
20250905,21700.39
20250908,21798.7
20250909,21879.49
20250910,21886.06
20250911,22043.07
20250912,22141.1
20250915,22348.75
20250916,22333.96
20250917,22261.33
20250918,22470.73
20250919,22631.48
20250922,22788.98
20250923,22573.47
20250924,22497.86
20250925,22384.7
20250926,22484.07
20250929,22591.15
20250930,22660.01
20251001,22755.16
20251002,22844.05
20251003,22780.51
20251006,22941.67
20251007,22788.36
20251008,23043.38
20251009,23024.63
20251010,22204.43
20251013,22694.61
20251014,22521.7
20251015,22670.08
20251016,22562.54
20251017,22679.97
20251020,22990.54
20251021,22953.67
20251022,22740.4
20251023,22941.8
20251024,23204.87
20251027,23637.46
20251028,23827.49
20251029,23958.47
20251030,23581.14
20251031,23724.96
20251103,23834.72
20251104,23348.64
20251105,23499.8
20251106,23053.99
20251107,23004.54
20251110,23527.17
20251111,23468.3
20251112,23406.46
20251113,22870.36
20251114,22900.59
20251117,22708.07
20251118,22432.85
20251119,22564.23
20251120,22078.05
20251121,22273.08
20251124,22872.01
20251125,23025.59
20251126,23214.69
20251127,
20251128,23365.69
20251201,23275.92
20251202,23413.67
20251203,23454.09
20251204,23505.14
20251205,23578.13
20251208,23545.9
20251209,23576.49
20251210,23654.16
20251211,23593.86
20251212,23195.17
20251215,23057.41
20251216,23111.46
20251217,22693.32
20251218,23006.36
20251219,23307.62
20251222,23428.83
20251223,23561.84
20251224,23613.31
20251225,
20251226,23593.1
20251229,23474.35
20251230,23419.08
20251231,23241.99
20260101,
20260102,23235.63
20260105,23395.82
20260106,23547.17
20260107,23584.27
20260108,23480.02
20260109,23671.35
20260112,23733.9
20260113,23709.87
20260114,23471.75
20260115,23530.02
20260116,23515.39
20260119,
20260120,22954.32
20260121,23224.82
20260122,23436.02
20260123,23501.24
20260126,23601.36
20260127,23817.1
20260128,23857.45
20260129,23685.12
20260130,23461.82
20260202,23592.11
20260203,23255.19
20260204,22904.58
20260205,22540.59
20260206,23031.21
20260209,23238.67
20260210,23102.47
20260211,23066.47
20260212,22597.15
20260213,22546.67
20260216,
20260217,22578.38
20260218,22753.63
20260219,22682.73
20260220,22886.07
20260223,22627.27
20260224,22863.68
20260225,23152.08
20260226,22878.38
20260227,22668.21
20260302,22748.86
20260303,22516.69
20260304,22807.48
20260305,22748.99
20260306,22387.68
20260309,22695.95
20260310,22697.1
20260311,22716.13
20260312,22311.98
20260313,22105.36
20260316,22374.18
20260317,22479.53
20260318,22152.42
20260319,22090.69
20260320,21647.61
20260323,21946.76
20260324,21761.89
20260325,21929.83
20260326,21408.08
20260327,20948.36
20260330,20794.64
20260331,21590.63
20260401,21840.95
20260402,21879.18
20260403,
20260406,21996.34
20260407,22017.85
20260408,22635
20260409,22822.42
20260410,22902.89
20260413,23183.74
20260414,23639.08
20260415,24016.02
20260416,24102.7
20260417,24468.48
20260420,24404.39
20260421,24259.96
20260422,24657.57
20260423,24438.5
20260424,24836.6
20260427,24887.1
20260428,24663.8
20260429,24673.24
20260430,24892.31
20260501,25114.44
20260504,25067.8
20260505,25326.13
20260506,25838.94
20260507,25806.2
20260508,26247.08
20260511,26274.13
20260512,26088.2
20260513,26402.34
20260514,26635.22
20260515,26225.14
20260518,26090.73
20260519,25870.71
20260520,26270.36
20260521,26293.1
20260522,26343.97
20260525,
20260526,26656.18
20260527,26674.73
20260528,26917.47
20260529,26972.62
20260601,27086.81
20260602,27093.9
20260603,26853.98
20260604,26830.96
20260605,25709.43
20260608,25929.66
20260609,25678.82
20260610,25169.5
20260611,25809.66
20260612,25888.84
20260615,26683.94
20260616,26376.34
20260617,26021.66
20260618,26517.93
20260619,
20260622,26166.6
20260623,25587.04
20260624,25476.64
20260625,25358.6
20260626,25297.62
20260629,25820.14
20260630,26213.72
20260701,26040.03
20260702,25832.67
20260703,
20260706,26121.16
20260707,25818.69
20260708,25870.65
20260709,26206.89
20260710,26281.61
20260713,25873.18
20260714,26107.01
20260715,26269.23
20260716,25881.95
20260717,25520.24
20260720,25508.07
20260721,25837.21
20260722,25690.9
20260723,25137.69
20260724,24975.82
20260727,24932.08
20260728,24876.91
20260729,24442.94
20260730,25122.18
20260731,25373.85
20260803,25913.9
20260804,26584.99
20260805,26363.44
20260806,26348.35
20260807,26690.62
20260810,26605.36
20260811,26445.45
20260812,26588.49
20260813,26803.03
20260814,26729.16
20260817,26644.91
20260818,26289.71
20260819,26331.09
20260820,26067.17
20260821,26180.45
20260824,25980.19
20260825,26151.3
20260826,26130.2
20260827,26541.35
20260828,26402.42
20260831,26370.89
20260901,26099.77
20260902,26217.83
20260903,26584.06
20260904,26506.99
